단원,성취기준 대표코드,학습 내용 요약,고려사항
수와 연산,2수01,위치적 기수법 기초,두 자리 수를 10개씩 묶음과 낱개로 나타내게 함으로써 위치적 기수법의 기초 개념을 형성하게 한다.
수와 연산,2수01,수의 한글 표기 지양,"저학년 학생들의 한글 학습 정도를 고려하여 수를 ‘여덟’, ‘마흔아홉’, ‘칠십육’, ‘첫째’ 등과 같이 한글로 쓰게 하는 것은 지양한다."
수와 연산,2수01,묶어 세기·뛰어 세기,"수 세기가 필요한 장면에서 묶어 세기, 뛰어 세기의 방법으로 수를 세어 보게 한다."
수와 연산,2수01,짝수와 홀수의 직관적 이해,"짝수와 홀수는 20 이하의 수의 범위에서 다루고, 실생활 상황에서 둘씩 묶어 보는 활동을 통하여 짝수와 홀수를 직관적으로 이해하게 한다."
수와 연산,2수01,자릿값 이해,"십의 자리 수가 0인 세 자리 수, 백의 자리 수나 십의 자리 수가 0인 네 자리 수를 활용하여 자릿값을 이해하게 할 수 있다."
수와 연산,2수01,수의 분해와 합성,수를 분해하고 합성하는 활동은 20 이하의 수의 범위에서 한다.
수와 연산,2수01,덧셈과 뺄셈의 의미 익히기,"‘∼보다 ∼만큼 더 큰 수’, ‘∼보다 ∼만큼 더 작은 수’, ‘더한다’, ‘합한다’, ‘뺀다’, ‘덜어 낸다’, ‘합’, ‘차’ 등의 일상용어를 사용하여 덧셈과 뺄셈의 의미에 친숙하게 한다."
수와 연산,2수01,덧셈의 교환법칙,한 자리 수인 두 수를 바꾸어 더해 보고 그 결과를 비교하는 활동을 통하여 덧셈의 교환법칙을 직관적으로 이해하게 한다.
수와 연산,2수01,연산 감각 기르기,"덧셈과 뺄셈을 여러 가지 방법으로 계산하는 활동을 통하여 연산 감각을 기르게 하되, 이를 지나치게 형식화하여 다루지 않는다."
수와 연산,2수01,실생활 문제 해결,학생들에게 친근한 실생활 상황을 이용하여 덧셈과 뺄셈에 관련된 문제를 만들고 해결하게 한다.
수와 연산,2수01,등호의 의미 이해,"덧셈식, 뺄셈식, 곱셈식에서 등호(＝)의 양쪽에 있는 양이 서로 같음을 이해하게 한다."
수와 연산,2수01,덧셈과 뺄셈의 관계,한 가지 상황을 간단한 덧셈식과 뺄셈식으로 나타내는 활동을 통하여 덧셈과 뺄셈의 관계를 이해하게 한다.
수와 연산,2수01,덧셈의 결합법칙,세 수의 덧셈에서는 세 수를 앞에서부터 순서대로 더한 결과와 합이 10이 되는 두 수를 먼저 더하고 나머지 수를 더한 결과를 비교하는 활동을 통하여 덧셈의 결합법칙을 직관적으로 이해하게 한다.
수와 연산,2수01,□의 값 찾기,□가 사용된 덧셈식과 뺄셈식은 □의 값을 직관적으로 구할 수 있는 수준으로 다룬다.
수와 연산,2수01,곱셈의 의미,"곱셈의 의미는 배의 개념과 동수누가를 통하여 다루고, 1의 곱과 0의 곱은 실생활과 관련지어 다룬다."
수와 연산,2수01,곱셈의 교환법칙,곱셈표를 이용해서 두 수를 바꾸어 곱해도 곱이 같음을 비교하는 활동을 통하여 곱셈의 교환법칙을 직관적으로 이해하게 한다.
수와 연산,2수01,문제해결 역량,‘수와 연산’ 영역의 문제 상황에 적합한 문제해결 전략을 지도하여 문제해결 역량을 기르게 한다.
변화와 관계,2수02,규칙 만들기와 배열 활동,"학생이 스스로 만든 규칙에 따라 물체, 무늬, 수 등을 배열하는 활동을 통해 수학에 대한 흥미를 느끼게 할 수 있다."
변화와 관계,2수02,다양한 수 배열표 활용,"수의 배열뿐만 아니라 수 배열표, 덧셈표, 곱셈표를 활용하여 수의 다양한 규칙을 찾게 한다."
변화와 관계,2수02,단순한 규칙 중심 지도,"물체, 무늬, 수 등의 배열에서는 크기, 색깔, 위치, 순서 등에 대한 단순한 규칙을 다루고, 지나치게 복잡한 배열에 대한 평가는 지양한다."
변화와 관계,2수02,협력적 규칙 탐구,다른 사람의 배열에서 규칙을 찾아보거나 규칙에 대해 서로 말하게 한다.
변화와 관계,2수02,문제해결 역량 강화,변화와 관계' 영역의 문제 상황에 적합한 문제해결 전략을 지도하여 문제해결 역량을 기르게 한다.
도형과 측정,2수03,용어와 기호,"도형과 측정' 영역에서는 용어와 기호로 '삼각형, 사각형, 원, 꼭짓점, 변, 시, 분, 약, cm, m'를 다룬다."
도형과 측정,2수03,도형의 직관적 이해,"입체도형과 평면도형의 모양을 다룰 때 모양의 특징을 직관적으로 파악하여 모양을 분류하고, 분류한 모양을 지칭하기 위해 일상용어를 사용하게 할 수 있다."
도형과 측정,2수03,친근한 소재 활용,"입체도형과 평면도형의 모양을 이용한 모양 만들기의 주제는 학생들에게 친근한 소재인 동물, 탈 것, 건물 등으로 다양하게 제시하여 수학에 대한 흥미와 관심을 갖게 한다."
도형과 측정,2수03,공간 감각 기르기,"쌓기나무, 칠교판 등의 구체물을 이용한 모양 만들기를 통하여 도형에 대한 공간 감각을 기르게 한다."
도형과 측정,2수03,양의 비교 방법,"양의 비교는 학생들에게 친근한 실생활 상황을 이용하고, 직관적인 비교, 직접 비교, 간접 비교 등을 상황에 따라 알맞게 다룬다."
도형과 측정,2수03,한글 표기 지양,"저학년 학생들의 한글 학습 정도를 고려하여 양을 비교할 때 '짧다', '많다', '넓다' 등과 같이 한글로 쓰게 하는 것은 지양한다."
도형과 측정,2수03,시각 읽기 지도,"학생들이 모형 시계를 조작하여 '몇 시', '몇 시 30분', '몇 시 몇 분', '몇 시 몇 분 전' 등의 시각을 읽게 한다."
도형과 측정,2수03,시각 읽기 범위,"몇 시 몇 분 전'의 시각 읽기에서 5분 전, 10분 전과 같이 간단한 경우를 다루고, 13분 전과 같이 복잡한 경우는 다루지 않는다."
도형과 측정,2수03,시간 단위 관계 이해,"시간의 여러 가지 단위를 지도할 때는 단위 사이의 관계를 이해하는 데 중점을 두고, 지나친 단위 환산은 다루지 않는다."
도형과 측정,2수03,달력 활용 학습,"1일, 1주일, 1개월, 1년 사이의 관계를 지도할 때는 실생활 상황에서 달력을 이용하여 그 관계를 이해하게 한다."
도형과 측정,2수03,근삿값 표현,구체물의 길이를 재는 과정에서 자의 눈금과 일치하지 않는 길이의 측정값을 '약'으로 표현할 수 있음을 알게 한다.
도형과 측정,2수03,문제해결 역량 강화,도형과 측정' 영역의 문제 상황에 적합한 문제해결 전략을 지도하여 문제해결 역량을 기르게 한다.
자료와 가능성,2수04,기초 개념,"자료와 가능성' 영역에서는 용어와 기호로 '표, 그래프'를 다룬다."
자료와 가능성,2수04,친근한 소재 활용,분류하기에서는 학생들이 실생활에서 친근하게 느낄 수 있는 소재를 활용한다.
자료와 가능성,2수04,분류 기준 이해,"기준을 정하여 분류할 때는 학생들이 정한 다양한 기준을 존중하되, 분명하지 않은 기준으로는 분류하기가 어렵다는 점을 인식하게 한다."
자료와 가능성,2수04,정확한 분류 방법,자료를 분류하여 표나 그래프를 만들 때는 자료가 중복되거나 빠지지 않도록 세어 보는 방법을 함께 지도한다.
자료와 가능성,2수04,적정 수준 유지,"표와 그래프로 나타내기는 실생활이나 환경과 관련된 자료들을 활용하되, 학생들의 수준에 비해 어려운 분류 대상이나 분류 기준을 사용하지 않는다."
자료와 가능성,2수04,문제해결 역량 강화,자료와 가능성' 영역의 문제 상황에 적합한 문제해결 전략을 지도하여 문제해결 역량을 기르게 한다.
수와 연산,4수01,기초 개념,"수와 연산' 영역에서는 용어와 기호로 '나눗셈, 몫, 나머지, 나누어떨어진다, 분수, 분모, 분자, 단위분수, 진분수, 가분수, 대분수, 자연수, 소수, 소수점(.), ÷'를 다룬다."
수와 연산,4수01,실생활 자료 조사,"뉴스, 광고 등 여러 가지 매체를 활용해 자료를 조사하는 활동을 통하여 실생활에서 다섯 자리 이상의 큰 수가 쓰이는 경우를 찾아보게 한다. 조사한 결과를 바탕으로 큰 수와 관련하여 이야기하는 활동을 통하여 큰 수에 대한 필요성을 인식하고 양감을 기르게 한다."
수와 연산,4수01,곱셈과 나눗셈의 관계,한 가지 상황을 곱셈식과 나눗셈식으로 나타내는 활동을 통하여 곱셈과 나눗셈의 관계를 이해하게 한다.
수와 연산,4수01,검산의 목적 이해,나눗셈에 대한 검산에서는 나눗셈식을 보고 곱셈식으로 나타내는 것보다 검산의 목적과 필요성을 이해하는 데 초점을 둔다.
수와 연산,4수01,어림하기 활용,"자연수의 덧셈, 뺄셈, 곱셈, 나눗셈을 하기 전에 계산 결과를 어림하기, 어림한 값을 이용하여 계산 결과가 타당한지 확인하기, 어림셈이 필요한 실생활 상황의 문제를 해결하기 등을 다룰 수 있다."
수와 연산,4수01,사칙계산의 유용성,"친근한 실생활 상황을 이용하여 자연수의 덧셈, 뺄셈, 곱셈, 나눗셈에 관련된 문제를 만들어 해결하게 하고, 사칙계산의 유용성을 인식하게 한다."
수와 연산,4수01,소수의 필요성 인식,실생활에서 소수를 활용한 사례를 통해 소수의 필요성을 인식하게 한다.
수와 연산,4수01,적정 수준 유지,소수의 덧셈과 뺄셈은 계산 원리를 이해할 수 있는 수준에서 간단히 다룬다.
수와 연산,4수01,계산기 활용,계산 기능을 숙달하는 것이 목적이 아닌 경우에는 계산기를 사용하게 할 수 있다.
수와 연산,4수01,문제해결 역량 강화,"수와 연산' 영역의 문제 상황에 적합한 문제해결 전략을 지도하고, 문제해결 과정을 설명하게 하여 문제해결 역량을 기르게 한다."
수와 연산,4수01,존중과 경청 태도,수와 연산' 영역에서 문제해결 과정을 설명할 때 다른 친구의 의견을 존중하고 경청하는 태도로 참여하게 한다.
변화와 관계,4수02,적정 수준 유지,하는 복잡한 문제는 다루지 않는다.
변화와 관계,4수02,계산기 활용,계산식의 배열에서 계산 결과의 규칙을 찾는 활동을 할 때 필요에 따라 계산기를 사용하게 할 수 있다.
변화와 관계,4수02,자기 검토 방법,자신이 추측한 규칙을 배열에 적용해 보는 등 다양한 방법으로 규칙이 옳은지 스스로 검토하게 할 수 있다.
변화와 관계,4수02,학습 범위 제한,동치 관계는 두 자리 수의 범위에서 다룬다.
변화와 관계,4수02,직관적 이해 활용,등호가 사용된 식이 옳은지 판단할 때는 수 감각이나 학생이 직관적으로 이해하고 있는 연산의 성질을 이용하여 두 양이 서로 같은지 비교하게 할 수 있다.
변화와 관계,4수02,문제해결 역량 강화,"변화와 관계' 영역의 문제 상황에 적합한 문제해결 전략을 지도하고, 문제해결 과정을 설명하게 하여 문제해결 역량을 기르게 한다."
변화와 관계,4수02,존중과 경청 태도,변화와 관계' 영역에서 문제해결 과정을 설명할 때 다른 친구의 의견을 존중하고 경청하는 태도로 참여하게 한다.
도형과 측정,4수03,기초 개념,"도형과 측정' 영역에서는 용어와 기호로 '직선, 선분, 반직선, 각, (각의) 꼭짓점, (각의) 변, 직각, 예각, 둔각, 수직, 수선, 평행, 평행선, 원의 중심, 반지름, 지름, 이등변삼각형, 정삼각형, 직각삼각형, 예각삼각형, 둔각삼각형, 직사각형, 정사각형, 사다리꼴, 평행사변형, 마름모, 다각형, 정다각형, 대각선, 초, 도(°), mm, km, L, mL, g, kg, t'을 다룬다."
도형과 측정,4수03,평가 중점 사항,"직선, 선분, 반직선에 대한 평가에서는 정확한 정의나 표현보다 직선, 선분, 반직선을 서로 구별할 수 있는지에 중점을 둔다."
도형과 측정,4수03,적정 수준 유지,평면도형의 이동에서 돌리고 뒤집기나 뒤집고 돌리기 등 복잡한 변화를 지양한다.
도형과 측정,4수03,다양한 설명 방법,평면도형의 이동을 활용하여 모양의 변화나 무늬를 설명하게 할 때 설명 방법이 다양할 수 있음에 유의하여 다른 친구들의 설명을 비판적으로 검토하게 한다.
도형과 측정,4수03,수학의 아름다움,"평면도형의 이동, 원 그리기 등을 이용하여 여러 가지 모양이나 무늬 만들기 활동을 통해 수학의 아름다움을 느끼게 할 수 있다."
도형과 측정,4수03,귀납적 추론 활용,"삼각형의 성질을 탐구하는 활동에서 구체적인 관찰, 실험, 측정 등 귀납적 추론을 통해 성질을 이해하게 한다."
도형과 측정,4수03,조작 활동 중심,"여러 가지 사각형의 성질은 구체적인 조작 활동을 통하여 간단한 것만 다루고, 여러 가지 사각형 사이의 관계는 다루지 않는다."
도형과 측정,4수03,시각과 시간 구별,시각과 시간의 의미는 구체적인 상황 속에서 구별하여 사용할 수 있는 정도로 이해하게 한다.
도형과 측정,4수03,양감 기르기,"실제로 재거나 어림하는 측정 활동을 통하여 시간, 길이, 들이, 무게, 각도에 대한 양감을 기르게 한다."
도형과 측정,4수03,표준 단위의 필요성,"들이, 무게의 표준 단위를 도입하기 전에 표준 단위의 필요성을 알게 한다."
도형과 측정,4수03,단위 관계 이해,"시간, 길이, 들이, 무게의 단위를 지도할 때 단위 사이의 관계를 이해하는 데 중점을 두고, 1km와 1cm의 관계, 1t과 1g의 관계 등의 지나친 단위 환산은 다루지 않는다."
도형과 측정,4수03,근삿값 표현,"길이, 들이, 무게, 각도를 측정할 때 측정도구의 눈금에 일치하지 않는 측정값을 '약'으로 표현하게 한다."
도형과 측정,4수03,문제해결 역량 강화,"도형과 측정' 영역의 문제 상황에 적합한 문제해결 전략을 지도하고, 문제해결 과정을 설명하게 하여 문제해결 역량을 기르게 한다."
도형과 측정,4수03,존중과 경청 태도,도형과 측정' 영역에서 문제해결 과정을 설명할 때 다른 친구의 의견을 존중하고 경청하는 태도로 참여하게 한다.
자료와 가능성,4수04,기초 개념,"자료와 가능성' 영역에서는 용어와 기호로 '그림그래프, 막대그래프, 꺾은선그래프'를 다룬다."
자료와 가능성,4수04,자료 수집 방법,"문제 상황에 맞게 간단한 설문조사, 실험과 관찰, 공공 자료의 활용 등을 통해 자료를 직접 수집하게 한다."
자료와 가능성,4수04,그림그래프 작성,"그림그래프를 그릴 때 항목의 이름과 수량의 단위를 명확히 인식하고, 자료의 개수에 따라 그림이 나타내는 단위를 적절히 선택하게 한다."
자료와 가능성,4수04,그래프의 축과 눈금,막대그래프와 꺾은선그래프를 그릴 때는 가로축과 세로축이 각각 무엇을 나타내는지 확인하게 하고 눈금 한 칸이 나타내는 크기를 적절히 선택하게 한다.
자료와 가능성,4수04,공학 도구 활용,막대그래프와 꺾은선그래프를 그릴 때 공학 도구를 사용하게 할 수 있다.
자료와 가능성,4수04,실생활 적용,"여러 가지 사회, 환경 문제를 탐구하는 데 그림그래프, 막대그래프, 꺾은선그래프로부터 얻은 정보를 활용하게 할 수 있다."
자료와 가능성,4수04,비판적 판단 능력,자료 수집의 목적과 수집한 자료의 특성에 맞는 그래프로 적절히 표현되었는지를 비판적으로 판단하게 할 수 있다.
자료와 가능성,4수04,문제해결 역량 강화,"자료와 가능성' 영역의 문제 상황에 적합한 문제해결 전략을 지도하고, 문제해결 과정을 설명하게 하여 문제해결 역량을 기르게 한다."
자료와 가능성,4수04,존중과 경청 태도,자료와 가능성' 영역에서 문제해결 과정을 설명할 때 다른 친구의 의견을 존중하고 경청하는 태도로 참여하게 한다.
수와 연산,6수01,기초 개념,"수와 연산' 영역에서는 용어와 기호로 '이상, 이하, 초과, 미만, 올림, 버림, 반올림, 약수, 공약수, 최대공약수, 배수, 공배수, 최소공배수, 약분, 통분, 기약분수'를 다룬다."
수와 연산,6수01,혼합 계산 지도,"자연수의 혼합 계산은 계산 순서에 중점을 두고, 지나치게 복잡한 혼합 계산은 다루지 않는다."
수와 연산,6수01,어림의 의미 이해,"수의 범위와 올림, 버림, 반올림은 측정 상황과 같이 수나 양의 어림이 필요한 여러 가지 실생활 사례를 통하여 그 의미를 알게 한다."
수와 연산,6수01,약수와 배수의 범위,약수와 배수는 실생활에서 활용되는 경우를 찾아 자연수 범위에서 다룬다.
수와 연산,6수01,약수와 배수의 관계,약수와 배수를 학습하는 과정에서 약수와 배수의 관계를 이해하게 한다.
수와 연산,6수01,최대공약수와 최소공배수,"최대공약수와 최소공배수는 두 수에 대하여 약수와 배수를 각각 나열하여 공통된 약수와 배수를 찾는 방법으로 그 의미를 이해하게 하고, 평가에서 소인수의 곱으로 나타내어 구하는 방법은 다루지 않는다."
수와 연산,6수01,크기가 같은 분수,"구체물이나 그림 등을 이용하여 크기가 같은 분수를 만든 후 분모는 분모끼리, 분자는 분자끼리 비교하는 활동을 통해 크기가 같은 분수를 만드는 방법을 이해하게 한다."
수와 연산,6수01,분수 크기 비교,분모가 다른 분수의 크기를 비교할 때 수 감각을 이용하여 추론하고 토론하는 활동을 하게 한다.
수와 연산,6수01,기약분수 표현,"분수의 사칙계산에서 기약분수로 나타낼 것을 요구하지 않을 경우, 계산 결과를 기약분수가 아닌 분수로 나타내는 것도 허용한다."
수와 연산,6수01,통분 방법,분수를 통분할 때는 공통분모로 최소공배수뿐만 아니라 분모의 곱과 같은 공배수도 이용하게 할 수 있다.
수와 연산,6수01,계산 원리 탐구,"분수의 곱셈과 나눗셈, 소수의 곱셈과 나눗셈은 계산 원리를 탐구하여 이해하는 수준에서 다룬다."
수와 연산,6수01,계산기 활용,소수의 곱셈과 나눗셈에서 복잡한 계산은 계산기를 사용하게 할 수 있다.
수와 연산,6수01,어림셈의 필요성,"소수의 곱셈과 나눗셈에서 계산 결과를 어림할 필요가 있는 상황, 정확한 계산 대신에 어림셈으로 비교가 가능한 상황 등 어림셈이 필요한 여러 가지 실생활 상황을 제시하여 어림셈의 필요성과 유용성을 알게 한다."
수와 연산,6수01,문제해결 역량 강화,"수와 연산' 영역의 문제 상황에서 문제해결 전략 비교하기, 주어진 문제에서 필요 없는 정보나 부족한 정보 찾기, 조건을 바꾸어 새로운 문제 만들기, 문제해결 과정의 타당성 검토하기 등을 통하여 문제해결 역량을 기르게 한다."
수와 연산,6수01,비판적 사고 태도,수와 연산' 영역에서 자신의 문제해결 과정을 논리적으로 설명하고 다른 친구의 문제해결 과정과 비교함으로써 비판적으로 사고하는 태도를 기르게 한다.
변화와 관계,6수02,기초 개념,"변화와 관계' 영역에서는 용어와 기호로 '비, 기준량, 비교하는 양, 비율, 백분율, 비례식, 비례배분, :, %'를 다룬다."
변화와 관계,6수02,대응 관계 탐구,"대응 관계를 탐구할 때는 두 양의 변화를 함께 고려하게 하고, 한 양의 변화에만 초점을 두지 않는다."
변화와 관계,6수02,적정 수준 유지,"두 양 사이의 대응 관계를 식으로 나타내는 방법을 지도하는 활동에서는 덧셈식, 뺄셈식, 곱셈식, 나눗셈식 중 하나로 표현되는 간단한 경우만 다룬다."
변화와 관계,6수02,기준량과 비교하는 양,비와 비율을 다룰 때는 기준량과 비교하는 양을 명확하게 인식하게 한다.
변화와 관계,6수02,실생활 사례 활용,비와 비율을 탐구할 때는 실생활 및 타 교과에서 비와 비율이 적용되는 간단한 사례를 활용하며 수학의 유용성을 인식하게 한다.
변화와 관계,6수02,다양한 표현 방법,"동일한 비율을 분수, 소수, 백분율로 다양하게 나타낼 수 있음을 알게 한다."
변화와 관계,6수02,수학적 표현의 편리함,대응 관계를 기호를 사용하여 식으로 나타내고 두 양의 관계를 비로 나타내 보는 경험을 통해 수학적 표현의 편리함을 인식하게 할 수 있다.
변화와 관계,6수02,다양한 문제 상황,"변화와 관계' 영역에서는 기후변화, 생태계, 과학 기술의 발전 등 학생의 삶과 관련된 다양한 문제 상황을 활용할 수 있다."
변화와 관계,6수02,문제해결 역량 강화,"변화와 관계' 영역의 문제 상황에서 문제해결 전략 비교하기, 주어진 문제에서 필요 없는 정보나 부족한 정보 찾기, 조건을 바꾸어 새로운 문제 만들기, 문제해결 과정의 타당성 검토하기 등을 통하여 문제해결 역량을 기르게 한다."
변화와 관계,6수02,비판적 사고 태도,변화와 관계' 영역에서 자신의 문제해결 과정을 논리적으로 설명하고 다른 친구의 문제해결 과정과 비교함으로써 비판적으로 사고하는 태도를 기르게 한다.
도형과 측정,6수03,기초 개념,"도형과 측정' 영역에서는 용어와 기호로 '합동, 대칭, 대응점, 대응변, 대응각, 선대칭도형, 점대칭도형, 대칭축, 대칭의 중심, 직육면체, 정육면체, 면, 모서리, 밑면, 옆면, 겨냥도, 전개도, 각기둥, 각뿔, 원기둥, 원뿔, 구, 모선, 가로, 세로, 밑변, 높이, 원주, 원주율, cm², m², km², cm³, m³'를 다룬다."
도형과 측정,6수03,대칭도형 그리기 평가,"선대칭도형과 점대칭도형 그리기를 평가할 때 모눈종이, 점판, 공학 도구 등을 이용하여 쉽게 그릴 수 있게 한다."
도형과 측정,6수03,조작 활동을 통한 이해,"무늬 찾기, 종이 겹쳐 오리기, 도장 찍기, 데칼코마니 등 구체적인 조작 활동을 통하여 도형의 합동의 의미를 알게 한다."
도형과 측정,6수03,수학의 아름다움,"실생활이나 자연 환경 등에서 도형의 합동, 선대칭도형, 점대칭도형의 예를 찾고 수학의 아름다움을 느낄 수 있게 한다."
도형과 측정,6수03,전개도 평가 중점,입체도형의 전개도에 대한 평가는 전개도가 될 수 있는 것과 될 수 없는 것을 구별하는 데 중점을 둔다.
도형과 측정,6수03,전개도 학습 범위,"각기둥의 전개도는 간단한 형태만 다루고, 각뿔과 원뿔의 전개도는 다루지 않는다."
도형과 측정,6수03,회전체 만들기,"한 직선을 중심으로 직사각형, 직각삼각형, 반원을 돌리는 활동을 통하여 원기둥, 원뿔, 구를 만들어 보게 한다."
도형과 측정,6수03,흥미와 관심 유발,"실생활에서 접할 수 있는 여러 가지 물건, 건축물 등에서 직육면체, 정육면체, 각기둥, 각뿔, 원기둥, 원뿔, 구를 찾고 수학에 대한 흥미와 관심을 갖게 한다."
도형과 측정,6수03,공학 도구 활용,"입체도형의 구성 요소와 성질, 전개도, 쌓기나무로 만든 입체도형을 탐구할 때는 여러 가지 모형과 공학 도구를 이용하게 할 수 있다."
도형과 측정,6수03,쌓기나무 평가 범위,"쌓기나무로 만든 입체도형의 위, 앞, 옆에서 본 모양에 대한 평가를 할 때는 간단한 모양을 이용한다."
도형과 측정,6수03,삼각형 넓이 지도,삼각형의 넓이를 구할 때는 높이가 삼각형의 외부에 있는 것도 다룬다.
도형과 측정,6수03,단위 환산 범위,"넓이 단위 사이의 관계 중 1cm², 1km² 사이의 단위 환산은 다루지 않는다."
도형과 측정,6수03,넓이 개념 이해,"도형의 넓이는 1cm²인 정사각형의 몇 배인지를 구하는 것임을 이해하게 하고, 도형의 변형을 이용하여 넓이를 구하는 여러 가지 방법을 추론하게 한다."
도형과 측정,6수03,원주율 지도 방법,원주율을 지도할 때는 원주와 지름의 관계를 이해하고 원주율에 대한 양감을 기르게 한다.
도형과 측정,6수03,계산기 활용,"원주율, 원주, 원의 넓이, 입체도형의 겉넓이와 부피 등을 구할 때 복잡한 계산은 계산기를 사용하게 한다."
도형과 측정,6수03,추론과 설명 활동,"겉넓이와 부피를 구하는 방법에 대하여 다양한 추론을 하게 하고, 자신의 추론 과정을 다른 사람에게 설명하게 할 수 있다."
도형과 측정,6수03,방법의 편리함 인식,도형의 넓이와 부피를 구하는 방법의 편리함을 인식하게 한다.
도형과 측정,6수03,문제해결 역량 강화,"도형과 측정' 영역의 문제 상황에서 문제해결 전략 비교하기, 주어진 문제에서 필요 없는 정보나 부족한 정보 찾기, 조건을 바꾸어 문제 만들기, 문제해결 과정의 타당성 검토하기 등을 통하여 문제해결 역량을 기르게 한다."
도형과 측정,6수03,비판적 사고 태도,도형과 측정' 영역에서 자신의 문제해결 과정을 논리적으로 설명하고 다른 친구의 문제해결 과정과 비교함으로써 비판적으로 사고하는 태도를 기르게 한다.
자료와 가능성,6수04,기초 개념,"자료와 가능성' 영역에서는 용어와 기호로 '평균, 띠그래프, 원그래프, 가능성'을 다룬다."
자료와 가능성,6수04,자료 수집 방법 선택,"자료를 수집할 때, 간단한 설문조사, 실험이나 관찰, 공공 자료 활용과 같은 방법 중 탐구 목적에 적합한 것을 결정하게 한다."
자료와 가능성,6수04,평균의 의미 이해,평균을 구하는 방법뿐만 아니라 그 의미를 직관적으로 파악하게 한다.
자료와 가능성,6수04,계산기 활용,복잡한 자료의 평균이나 백분율을 구할 때 계산기를 사용하게 할 수 있다.
자료와 가능성,6수04,그래프의 필요성 인식,조사 자료에서 전체에 대한 각 부분의 비율을 비교해야 하는 문제 상황을 제시하여 띠그래프와 원그래프의 필요성을 인식하게 한다.
자료와 가능성,6수04,원그래프 그리기,원그래프를 그릴 때는 눈금이 표시된 원을 사용하게 한다.
자료와 가능성,6수04,공학 도구 활용,띠그래프와 원그래프를 그릴 때 공학 도구를 사용하게 할 수 있다.
자료와 가능성,6수04,실생활 적용,"여러 가지 사회, 환경 문제를 탐구하는 데 그림그래프, 막대그래프, 꺾은선그래프, 띠그래프, 원그래프로부터 얻은 정보를 활용하게 할 수 있다."
자료와 가능성,6수04,비판적 판단 능력,"자료 수집의 목적과 수집한 자료의 특성에 맞는 그래프로 적절히 표현되었는지, 또는 정보를 왜곡하는 오류가 포함되어 있지는 않은지 등을 비판적으로 판단하게 할 수 있다."
자료와 가능성,6수04,문제해결 역량 강화,"자료와 가능성' 영역의 문제 상황에서 문제해결 전략 비교하기, 주어진 문제에서 필요 없는 정보나 부족한 정보 찾기, 조건을 바꾸어 새로운 문제 만들기, 문제해결 과정의 타당성 검토하기 등을 통하여 문제해결 역량을 기르게 한다."
자료와 가능성,6수04,비판적 사고 태도,자료와 가능성' 영역에서 자신의 문제해결 과정을 논리적으로 설명하고 다른 친구의 문제해결 과정과 비교함으로써 비판적으로 사고하는 태도를 기르게 한다.
수와 연산,9수01,기초 개념,"수와 연산' 영역에서는 용어와 기호로 `소수, 합성수, 거듭제곱, 지수, 밑, 소인수, 소인수분해, 서로소, 양수, 음수, 양의 정수, 음의 정수, 정수, 수직선, 양의 유리수, 음의 유리수, 유리수, 절댓값, 교환법칙, 결합법칙, 분배법칙, 역수, 유한소수, 무한소수, 순환소수, 순환마디, 제곱근, 근호, 무리수, 실수, 분모의 유리화, 양의 부호($+$), 음의 부호($-$), $\left|~\right|$, $\leq$, $\geq$, 순환소수 표현(예. $7.\dot{2}1\dot{5}$), $\sqrt{~}$~'를 다룬다."
수와 연산,9수01,계산 방법 탐구 태도,"정수와 유리수의 사칙계산의 원리를 이용하는 문제를 해결하기 위해 더 나은 계산 방법을 끈기 있게 찾아보게 하고, 풀이 과정과 결과를 반성하는 태도를 갖게 한다."
수와 연산,9수01,제곱근과 무리수 도입,제곱근과 무리수는 피타고라스 정리를 이용하여 도입할 수 있다.
수와 연산,9수01,무리수의 직관적 이해,한 변의 길이가 1인 정사각형의 대각선의 길이 등을 이용하여 무리수의 존재를 직관적으로 이해하게 한다.
수와 연산,9수01,계산기 활용,제곱근의 값은 계산기 등을 이용하여 구할 수 있음을 알게 한다.
수와 연산,9수01,적정 수준 유지,"정수, 유리수와 관련하여 지나치게 복잡한 계산을 포함하는 문제는 다루지 않는다."
수와 연산,9수01,학습 범위 제한,사칙계산 이외의 이항연산 문제는 다루지 않는다.
변화와 관계,9수02,기초 개념,"변화와 관계' 영역에서는 용어와 기호로 '대입, 다항식, 항, 단항식, 상수항, 계수, 차수, 일차식, 동류항, 등식, 방정식, 미지수, 해, 근, 항등식, 이항, 일차방정식, 전개, 변수, 좌표, 순서쌍, x좌표, y좌표, 원점, 좌표축, x축, y축, 좌표평면, 제1사분면, 제2사분면, 제3사분면, 제4사분면, 그래프, 정비례, 반비례, 부등식, 일차부등식, 연립방정식, 함수, 함숫값, 일차함수, 기울기, y절편, x절편, 평행이동, 직선의 방정식, 인수, 인수분해, 완전제곱식, 이차방정식, 중근, 근의 공식, 이차함수, 포물선, 축, 꼭짓점, 최댓값, 최솟값, f(x), y=f(x)'를 다룬다."
변화와 관계,9수02,문자의 유용성 인식,"문자와 수, 문자와 일상 언어의 공통점과 차이점에 대한 탐색을 통해 문자의 특징을 이해하고, 자신의 삶 속에서 문자의 유용성을 인식하게 한다."
변화와 관계,9수02,다항식으로의 확장,수에 대한 사칙연산과 소인수분해가 다항식으로 확장될 수 있음을 인식하게 한다.
변화와 관계,9수02,필요성 인식,"방정식과 부등식, 함수는 다양한 상황을 통해 도입하고, 그 필요성을 인식하게 한다."
변화와 관계,9수02,풀이 방법 탐구,방정식과 부등식은 여러 가지 방법으로 풀어 보면서 더 나은 풀이 방법으로 해를 찾게 한다. 구한 해가 문제 상황에 적합한지 확인하는 과정을 통해 타당한 근거에 따라 자신의 의견을 논리적으로 설명하는 태도를 갖게 한다.
변화와 관계,9수02,상호 변환 활동,"다양한 상황을 일상 언어, 표, 그래프, 식으로 나타내고 이들 사이의 상호 변환 활동을 하게 한다."
변화와 관계,9수02,함수 개념 도입,함수의 개념은 다양한 상황에서 한 양이 변함에 따라 다른 양이 하나씩 정해지는 두 양 사이의 대응 관계를 이용하여 도입한다.
변화와 관계,9수02,일차함수와 이차함수,다양한 상황을 이용하여 일차함수와 이차함수의 의미를 다룬다.
변화와 관계,9수02,공학 도구 활용,공학 도구를 이용하여 함수의 그래프를 그리거나 함수의 그래프의 성질을 탐구하게 한다.
변화와 관계,9수02,이차방정식 범위,이차방정식은 해가 실수인 경우만 다룬다.
변화와 관계,9수02,학습 범위 제한,이차방정식의 근과 계수와의 관계는 다루지 않는다.
변화와 관계,9수02,수학적 모델링 적용,"실생활이나 사회 및 자연 현상과 관련된 문제를 해결할 때 수학적 모델링을 적용하고 도전적으로 문제를 해결할 수 있게 한다. 이때, 환경 및 기후변화 등과 관련된 다양한 문제 상황을 통해 생태전환에 관심을 갖게 한다."
변화와 관계,9수02,적정 수준 유지,"방정식, 부등식, 함수에 대한 지나치게 복잡한 활용 문제는 다루지 않는다."
변화와 관계,9수02,추가 용어 활용,"식의 값', '좌변', '우변', '양변', '이차식', '전개식', '연립일차방정식', '소거', '가감법', '대입법', '함수의 그래프' 용어는 교수⋅학습 상황에서 사용할 수 있다."
도형과 측정,9수03,기초 개념,"`도형과 측정' 영역에서는 용어와 기호로 `교점, 교선, 두 점 사이의 거리, 중점, 수직이등분선, 꼬인 위치, 교각, 맞꼭지각, 엇각, 동위각, 평각, 직교, 수선의 발, 작도, 대변, 대각, 삼각형의 합동 조건, 내각, 외각, 부채꼴, 중심각, 호, 현, 활꼴, 할선, 다면체, 각뿔대, 정다면체, 회전체, 회전축, 원뿔대, 증명, 접선, 접점, 접한다, 외심, 외접, 외접원, 내심, 내접, 내접원, 중선, 무게중심, 닮음, 닮음비, 삼각형의 닮음 조건, 피타고라스 정리, 삼각비, 사인, 코사인, 탄젠트, 원주각, $\overleftrightarrow{AB}$, $\overrightarrow{AB}$, $\overline{AB}$, $/\!/$, $\angle ABC$, $\perp$, $\triangle ABC$, $\equiv$, $\overset{\frown}{AB}$, $\pi$, $\square ABCD$, $\backsim$, $\sin A$, $\cos A$, $\tan A$'를 다룬다."
도형과 측정,9수03,합동과 닮음 이해,다양한 교구나 공학 도구를 이용하여 합동과 닮음의 의미를 이해하게 한다.
도형과 측정,9수03,다각형과 다면체 범위,다각형과 다면체는 그 모양이 볼록인 경우만 다룬다.
도형과 측정,9수03,평면도형과 입체도형 관계,간단한 입체도형의 단면을 관찰하는 활동과 전개도를 접어 간단한 입체도형을 만드는 활동을 통해 평면도형과 입체도형의 관계를 직관적으로 이해하게 한다.
도형과 측정,9수03,도형의 성질 추론,다양한 교구나 공학 도구를 이용하여 도형을 그리거나 만들어 보는 활동을 통해 도형의 성질을 추론하고 토론할 수 있게 한다.
도형과 측정,9수03,정당화 방법,"도형의 성질을 이해하고 정당화하는 방법은 관찰이나 실험을 통한 확인, 사례나 근거 제시를 통한 설명, 유사성에 근거한 추론, 증명 등이 있으며, 이를 학생 수준에 맞게 활용할 수 있다."
도형과 측정,9수03,논리적 설득 태도,도형의 성질을 정당화하는 다양한 방법을 통해 체계적으로 사고하고 타인을 논리적으로 설득하는 태도를 갖게 한다.
도형과 측정,9수03,증명 용어 제한,"증명을 할 때, '가정', '결론' 용어는 다루지 않는다."
도형과 측정,9수03,수학사 활용,"수학사를 통하여 피타고라스 정리, 삼각비에 관심을 가지고 그 유용성을 인식하게 한다."
도형과 측정,9수03,삼각비 관계 제한,삼각비 사이의 관계는 다루지 않는다.
도형과 측정,9수03,삼각비 값 범위,삼각비의 값은 0°에서 90°까지의 각도에 대한 것만 다룬다.
도형과 측정,9수03,흥미와 관심 유발,"주변의 건축물, 문화유산, 예술 작품 등에서 도형의 성질을 찾게 하여 수학에 대한 흥미와 관심을 가질 수 있게 한다."
도형과 측정,9수03,적정 수준 유지,"복잡하게 변형된 평면도형의 넓이와 둘레의 길이, 입체도형의 겉넓이와 부피를 구하는 문제는 다루지 않는다."
도형과 측정,9수03,평가 범위 제한,도형의 성질을 이해하고 정당화하는 것을 평가할 때는 증명 과정에서 지나치게 엄밀한 형식 논리 규칙의 이용을 요구하는 문제는 다루지 않는다.
도형과 측정,9수03,학습 범위 제한,원과 비례에 관한 성질은 다루지 않는다.
도형과 측정,9수03,추가 용어 활용,"(도형의) 대응', '삼각형의 중점연결정리', '접선의 길이' 용어는 교수⋅학습 상황에서 사용할 수 있다."
자료와 가능성,9수04,기초 개념,"자료와 가능성' 영역에서는 용어와 기호로 '변량, 대푯값, 중앙값, 최빈값, 줄기와 잎 그림, 계급, 계급의 크기, 도수, 도수분포표, 히스토그램, 도수분포다각형, 상대도수, 사건, 확률, 산포도, 편차, 분산, 표준편차, 사분위수, 상자그림, 산점도, 상관관계'를 다룬다."
자료와 가능성,9수04,비판적 사고 태도,눈금 등을 부적절하게 사용하여 자료를 부정확하게 나타낸 표나 그래프에서 오류를 찾는 활동을 통해 비판적으로 사고하는 태도를 갖게 한다.
자료와 가능성,9수04,공학 도구 활용,"자료를 수집하고 정리하여 표나 그래프로 나타내거나 대푯값과 산포도를 구할 때 공학 도구를 이용할 수 있게 하고, 공학 도구의 편리함과 유용성을 인식하게 한다."
자료와 가능성,9수04,범교과 학습 주제,"자료와 가능성' 영역에서 환경, 지속가능한 발전 등 범교과 학습 주제를 소재로 다루고, 이를 탐구하는 과정에서 체계적으로 사고하고 합리적으로 의사 결정을 할 수 있게 한다."
자료와 가능성,9수04,진로연계교육,"진로연계교육을 실시할 때는 학생의 흥미, 관심, 진로에 맞는 탐구 문제를 설정하여 통계 프로젝트를 수행하게 할 수 있다."
자료와 가능성,9수04,추가 용어 활용,"계급값', '경우의 수' 용어는 교수⋅학습 상황에서 사용할 수 있다."
다항식,10공수1-01,용어와 기호,"다항식' 영역에서는 용어와 기호로 '미정계수법, 나머지정리, 인수정리, 조립제법'을 다룬다."
다항식,10공수1-01,곱셈과 인수분해,"다항식의 곱셈과 인수분해는 중학교에서 학습한 내용을 토대로 고등학교에서 추가된 내용을 이해하게 하고, 복잡한 인수분해 문제는 다루지 않는다."
다항식,10공수1-01,조립제법 이해,"조립제법은 중학교에서 학습한 다항식을 단항식으로 나누는 연산과 연계하여 이해하게 하고, 구체적인 예를 통하여 그 방법을 간단히 다룬다."
다항식,10공수1-01,학습 범위 제한,"항등식의 성질, 나머지정리와 인수정리를 활용하는 복잡한 문제는 다루지 않는다."
방정식과 부등식,10공수1-02,용어와 기호,"방정식과 부등식' 영역에서는 용어와 기호로 '허수단위, 복소수, 실수부분, 허수부분, 허수, 켤레복소수, 실근, 허근, 판별식, 연립부등식, i, a+bi, a̅+̅b̅i̅'를 다룬다."
방정식과 부등식,10공수1-02,복소수 이해,"복소수의 성질과 사칙연산은 중학교에서 학습한 실수의 성질과 사칙연산과 연계하여 이해하게 하고, 나눗셈은 켤레복소수를 이용하여 계산하게 한다."
방정식과 부등식,10공수1-02,학습 범위 제한,이차방정식의 근과 계수의 관계를 활용하거나 판별식을 활용하는 지나치게 복잡한 방정식과 부등식 문제는 다루지 않는다.
방정식과 부등식,10공수1-02,공학 도구 활용,"이차함수의 그래프와 x축 및 직선의 위치 관계, 이차함수의 최대, 최소를 탐구할 때 공학 도구를 이용할 수 있다."
방정식과 부등식,10공수1-02,연립부등식 이해,연립부등식은 중학교에서 학습한 연립일차방정식 내용을 토대로 이해하게 한다.
방정식과 부등식,10공수1-02,공학 도구 활용,이차함수의 그래프를 이용하여 이차부등식과 연립이차부등식의 해를 탐구할 때 공학 도구를 이용할 수 있다.
방정식과 부등식,10공수1-02,실생활 문제 해결,"방정식과 부등식을 이용하여 실생활 문제를 해결하는 경험을 통해 수학의 유용성을 인식하게 하고, 적절한 문제해결 방법을 찾기 위해 끈기 있게 도전하는 태도를 기르게 한다."
방정식과 부등식,10공수1-02,추가 용어 활용,"삼차방정식', '사차방정식', '연립이차방정식', '연립일차부등식', '이차부등식', '연립이차부등식' 용어는 교수·학습 상황에서 사용할 수 있다."
경우의 수,10공수1-03,용어와 기호,"경우의 수' 영역에서는 용어와 기호로 '합의 법칙, 곱의 법칙, 순열, 계승, 조합, ${}_n \mathrm{P}_r$, $n!$, ${}_n \mathrm{C}_r$'을 다룬다."
경우의 수,10공수1-03,중학교 내용과의 연계,중학교에서 학습한 경우의 수와 연계하여 합의 법칙과 곱의 법칙을 간단히 다룬다.
경우의 수,10공수1-03,구체적 예시를 통한 이해,"합의 법칙과 곱의 법칙은 구체적인 예를 통하여 이해하게 하고, 이들이 적용되는 상황의 차이점을 설명하게 할 수 있다."
경우의 수,10공수1-03,문제 해결 전략,"합의 법칙과 곱의 법칙 중 적절한 전략을 사용하여 경우의 수와 관련된 문제를 해결하도록 하되, 지나치게 복잡한 문제는 다루지 않는다."
경우의 수,10공수1-03,다양한 해결 방법 활용,"순열의 수와 조합의 수는 직접 나열하거나 수형도를 이용하는 등 다양한 방법으로 구하게 하고, 지나치게 복잡한 문제는 다루지 않는다."
경우의 수,10공수1-03,합리적 의사결정 태도,순열의 수와 조합의 수를 구해 보는 경험을 통해 체계적으로 사고하여 합리적으로 의사결정하는 태도를 기르게 한다.
경우의 수,10공수1-03,실생활 적용,경우의 수를 이용하여 실생활 문제를 해결하는 경험을 통해 수학의 유용성을 인식하게 한다.
행렬,10공수1-04,기초 개념,"행렬' 영역에서는 용어와 기호로 '행렬, 행, 열, 성분, m×n 행렬'을 다룬다."
행렬,10공수1-04,유용성 인식,실생활 자료를 직사각형 모양으로 나타낼 수 있는 경우를 찾아보는 활동을 통해 행렬의 유용성을 인식하게 한다.
행렬,10공수1-04,실생활 사례 활용,"행렬의 표현과 관련하여 기후변화, 환경 재난 등의 사례를 단순화하여 다룰 수 있으며, 자료의 표현, 이해 및 처리 과정을 경험하게 할 수 있다."
행렬,10공수1-04,적정 수준의 문제 다루기,"행렬의 연산에 관한 대수적 구조의 성질을 일반화하여 법칙으로 다루지 않으며, 지나치게 복잡한 행렬의 연산 문제는 다루지 않는다."
행렬,10공수1-04,용어와 기호,"정사각행렬', '영행렬', '단위행렬' 용어는 교수⋅학습 상황에서 사용할 수 있다."
도형의 방정식,10공수2-01,기초 개념,"도형의 방정식' 영역에서는 용어와 기호로 '내분, 대칭이동, f(x,y)=0 '을 다룬다."
도형의 방정식,10공수2-01,흥미와 관심 유발,도형의 방정식 학습을 통해 대수와 기하를 연결하는 사고의 전환으로 수학에 대한 흥미와 관심을 갖도록 다양한 교수⋅학습 경험을 제공한다.
도형의 방정식,10공수2-01,중학교 내용과의 연계,"두 직선의 평행 조건과 수직 조건은 중학교에서 학습한 일차방정식과 일차함수의 그래프, 직선의 방정식과 연계하여 다룰 수 있다."
도형의 방정식,10공수2-01,공학 도구 활용,"직선의 방정식, 원의 방정식, 도형의 이동을 다룰 때 공학 도구를 이용할 수 있다."
도형의 방정식,10공수2-01,실생활 적용,도형의 이동을 실생활에 적용해 보는 활동을 통해 그 유용성을 인식하게 한다.
도형의 방정식,10공수2-01,적정 수준 유지,"도형의 방정식은 도형을 좌표평면에서 다룰 수 있음을 이해하는 수준에서 다루고, 계산이 지나치게 복잡한 문제는 다루지 않는다."
도형의 방정식,10공수2-01,학습 범위 제한,좌표축의 평행이동은 다루지 않는다.
도형의 방정식,10공수2-01,추가 용어 활용,"내분점', '원의 방정식' 용어는 교수⋅학습 상황에서 사용할 수 있다."
집합과 명제,10공수2-02,주요 용어 및 기호 다루기,"‘집합, 원소, 공집합, 부분집합, 진부분집합, 벤 다이어그램, 합집합, 교집합, 전체집합, 여집합, 차집합, (집합의) 서로소, 교환법칙, 결합법칙, 분배법칙, 드모르간의 법칙, 명제, 가정, 결론, 정의, 정리, 조건, 진리집합, 부정, 역, 대우, 충분조건, 필요조건, 필요충분조건, 귀류법, 절대부등식, ∈ ∉, ∅, ⊂, ⊄, , ≠, ∪, ∩, , , , , ∼, →, ⇒, ⇔’ 등의 용어와 기호를 다룬다."
집합과 명제,10공수2-02,집합의 개념 이해 및 평가,집합의 개념이나 집합의 포함관계는 개념을 이해하는 수준에서 간단히 평가한다.
집합과 명제,10공수2-02,충분·필요 조건의 이해,"충분조건, 필요조건, 필요충분조건은 구체적인 예를 통하여 이해하게 한다."
집합과 명제,10공수2-02,증명 지도 방법,증명을 지도할 때는 직관적인 이해로부터 시작하여 점진적으로 형식화하게 한다.
집합과 명제,10공수2-02,비판적 사고 태도 함양,집합과 명제를 이용한 수학적 근거를 바탕으로 비판적으로 사고하는 태도를 기르게 한다.
집합과 명제,10공수2-02,집합과 명제의 유용성 인식,수학의 여러 내용 영역 및 실생활과 연결하여 집합과 명제의 유용성을 인식하게 한다.
집합과 명제,10공수2-02,교수·학습 시 사용 용어,"‘원소나열법’, ‘조건제시법’, ‘유한집합’, ‘무한집합’, ‘서로 같다’ 등의 용어는 교수·학습 상황에서 사용할 수 있다."
함수와 그래프,10공수2-03,용어와 기호,"함수와 그래프' 영역에서는 용어와 기호로 '정의역, 치역, 공역, 대응, 일대일대응, 항등함수, 상수함수, 일대일함수, 합성함수, 역함수, 다항함수, 유리식, 무리식, 유리함수, 점근선, 무리함수, f : X → Y, g ∘ f, (g ∘ f)(x), y = g(f(x)), f⁻¹, y = f⁻¹(x)'를 다룬다."
함수와 그래프,10공수2-03,함수의 유용성 인식,대응으로 정의된 함수의 예를 찾아보는 활동을 통해 함수의 유용성을 인식하게 한다.
함수와 그래프,10공수2-03,구체적 예시를 통한 이해,"일대일대응, 항등함수, 상수함수, 일대일함수, 합성함수, 역함수의 의미는 구체적인 예를 통해 이해하게 한다."
함수와 그래프,10공수2-03,공학 도구 활용,함수의 그래프를 그리고 여러 가지 성질을 탐구할 때 공학 도구를 이용할 수 있다.
함수와 그래프,10공수2-03,적정 수준의 문제 다루기,함수의 그래프와 그 성질을 다룰 때 지나치게 복잡한 문제는 다루지 않는다.
함수와 그래프,10공수2-03,실생활 문제 해결,"함수를 이용하여 자연 현상, 사회 현상에 대한 실생활 문제를 해결하는 활동을 통해 함수와 그래프의 유용성을 인식하게 한다."
다항식,10기수1-01,기초 개념,"다항식' 영역의 교수·학습은 '다항식, 항, 계수, 차수, 일차식, 동류항, 전개'의 개념을 기초로 한다."
다항식,10기수1-01,중학교 내용과의 연계,중학교에서 학습한 지수법칙과 연계하여 다항식의 곱셈과 나눗셈을 다룰 수 있다.
다항식,10기수1-01,곱셈과 인수분해의 관계,"다항식의 곱셈과 인수분해의 역관계를 이해하고, 중학교에서 학습한 내용을 토대로 고등학교에서 추가된 내용을 이해할 수 있게 한다."
다항식,10기수1-01,적정 수준 유지,치환을 이용한 인수분해 등 지나치게 복잡한 인수분해 문제는 다루지 않는다.
방정식과 부등식,10기수1-02,기초 개념,"방정식과 부등식' 영역의 교수·학습은 '해, 근, 이항, 일차방정식, 인수, 인수분해, 완전제곱식, 이차방정식, 중근, 근의 공식, 제곱근, 근호, 무리수, 실수, 절댓값, 좌표, 순서쌍, x좌표, y좌표, 원점, 좌표축, x축, y축, 좌표평면, 그래프, 함수, 함숫값, 이차함수, 포물선, 축, 꼭짓점, 최댓값, 최솟값, 부등식, 일차부등식, $\sqrt{\phantom{x}}$, $| \phantom{x} |$, $f(x)$, $y = f(x)$'의 개념을 기초로 한다."
방정식과 부등식,10기수1-02,용어와 기호,"방정식과 부등식' 영역에서는 용어와 기호로 '실근, 판별식, 연립부등식'을 다룬다."
방정식과 부등식,10기수1-02,중학교 내용과의 연계,중학교에서 학습한 일차방정식과 연계하여 이차방정식을 도입할 수 있다.
방정식과 부등식,10기수1-02,실생활 문제 해결,"방정식과 부등식을 이용하여 실생활 문제를 해결하는 경험을 통해 수학의 유용성을 인식하게 하고, 적절한 문제해결 방법을 찾기 위해 끈기 있게 도전하는 태도를 기르게 한다."
방정식과 부등식,10기수1-02,연립부등식 이해,연립일차부등식은 중학교에서 학습한 연립일차방정식 내용을 토대로 이해하게 한다.
방정식과 부등식,10기수1-02,공학 도구 활용,"이차함수의 그래프의 성질 및 이차함수와 이차방정식, 이차함수와 이차부등식의 관계를 탐구할 때 공학 도구를 이용할 수 있다."
방정식과 부등식,10기수1-02,적정 수준 유지,판별식을 활용하는 복잡한 방정식과 부등식 문제는 다루지 않는다.
경우의 수,10기수1-03,기초 개념,"경우의 수' 영역의 교수·학습은 '사건, 경우의 수' 개념을 기초로 한다."
경우의 수,10기수1-04,용어와 기호,"경우의 수' 영역에서는 용어와 기호로 '합의 법칙, 곱의 법칙, 순열, 계승, 조합, ₙPᵣ, n!, ₙCᵣ'을 다룬다."
경우의 수,10기수1-05,중학교 내용과의 연계,중학교에서 학습한 경우의 수와 연계하여 합의 법칙과 곱의 법칙을 간단히 다룬다.
경우의 수,10기수1-06,구체적 예시를 통한 이해,"합의 법칙과 곱의 법칙은 구체적인 예를 통하여 이해하게 하고, 이들이 적용되는 상황의 차이점을 설명하게 할 수 있다."
경우의 수,10기수1-07,다양한 방법으로 구하기,순열의 수와 조합의 수는 간단한 경우를 예로 제시하여 직접 나열하거나 수형도를 이용하는 등 다양한 방법으로 구하게 한다.
경우의 수,10기수1-08,합리적 의사결정 태도,순열의 수와 조합의 수를 구해보는 경험을 통해 체계적으로 사고하여 합리적으로 의사 결정하는 태도를 기르게 한다.
경우의 수,10기수1-09,실생활 문제 해결,경우의 수를 이용하여 실생활 문제를 해결하는 경험을 통해 수학의 유용성을 인식하게 한다.
행렬,10기수1-04,용어와 기호,"행렬' 영역에서는 용어와 기호로 '행렬, 행, 열, 성분, m×n 행렬'을 다룬다."
행렬,10기수1-04,행렬의 유용성 인식,실생활 자료를 직사각형 모양으로 나타낼 수 있는 경우를 찾아보는 활동을 통해 행렬의 유용성을 인식하게 한다.
행렬,10기수1-04,실생활 사례 활용,"행렬의 표현과 관련하여 기후변화, 환경 재난의 사례를 단순화하여 다룰 수 있으며, 자료 이해 및 처리 과정을 경험하게 할 수 있다."
행렬,10기수1-04,적정 수준 유지,"행렬의 연산에 관한 대수적 구조의 성질을 일반화하여 법칙으로 다루지 않으며, 지나치게 복잡한 행렬의 연산 문제는 다루지 않는다."
행렬,10기수1-04,추가 용어 활용,"정사각행렬', '영행렬', '단위행렬' 용어는 교수·학습 상황에서 사용할 수 있다."
도형의 방정식,10기수2-01,기초 개념,"도형의 방정식' 영역의 교수·학습은 '피타고라스 정리, 좌표평면, 평행이동, 직선의 방정식, 원점, 좌표축, x축, y축, 좌표평면'의 개념을 기초로 한다."
도형의 방정식,10기수2-01,용어와 기호,"도형의 방정식' 영역에서는 용어와 기호로 '대칭이동, f(x,y)=0'을 다룬다."
도형의 방정식,10기수2-01,중학교 내용과의 연계,"직선의 방정식을 다룰 때 중학교에서 학습한 일차방정식, 일차함수의 그래프와 연계하여 도입할 수 있다."
도형의 방정식,10기수2-01,대수와 기하의 연결,도형의 방정식 학습을 통해 대수와 기하를 연결하는 사고의 전환으로 수학에 대한 흥미와 관심을 갖도록 다양한 교수·학습 경험을 제공한다.
도형의 방정식,10기수2-01,공학 도구 활용,"직선의 방정식, 원의 방정식, 도형의 이동을 다룰 때 공학 도구를 이용할 수 있다."
도형의 방정식,10기수2-01,실생활 적용,도형의 이동을 실생활에 적용해 보는 활동을 통해 그 유용성을 인식하게 한다.
도형의 방정식,10기수2-01,적정 수준 유지,"도형의 방정식은 도형을 좌표평면에서 다룰 수 있음을 이해하는 수준에서 지도하고, 계산이 복잡한 문제는 다루지 않는다."
도형의 방정식,10기수2-01,학습 범위 제한,좌표축의 평행이동은 다루지 않는다.
도형의 방정식,10기수2-01,추가 용어 활용,원의 방정식' 용어는 교수·학습 상황에서 사용할 수 있다.
집합과 명제,10기수2-02,기초 개념,집합과 명제' 영역의 교수·학습은 '증명'의 개념을 기초로 한다.
집합과 명제,10기수2-02,용어와 기호,"집합과 명제' 영역에서는 용어와 기호로 '집합, 원소, 공집합, 부분집합, 진부분집합, 벤 다이어그램, 합집합, 교집합, 전체집합, 여집합, 차집합, 명제, 가정, 결론, 조건, 진리집합, 부정, 역, 대우, a∈A, b∉B, ∅, A⊂B, A⊄B, A=B, A≠B, A∪B, A∩B, U, Aᶜ, A-B, n(A), ~p, p→q'를 다룬다."
집합과 명제,10기수2-02,평가 수준,집합의 개념이나 집합의 포함관계는 개념을 이해하는 수준에서 간단히 평가한다.
집합과 명제,10기수2-02,유용성 인식,수학의 여러 내용 영역 및 실생활과 연결하여 집합과 명제의 유용성을 인식하게 한다.
집합과 명제,10기수2-02,추가 용어 활용,"원소나열법', '조건제시법', '유한집합', '무한집합', '서로 같다', '정의', '정리' 용어는 교수·학습 상황에서 사용할 수 있다."
함수와 그래프,10기수2-03,기초개념,"함수와 그래프' 영역의 교수·학습은 '함수, 함숫값, $f(x)$, $y = f(x)$'의 개념을 기초로 한다."
함수와 그래프,10기수2-03,용어와 기호,"함수와 그래프' 영역에서는 용어와 기호로 '정의역, 치역, 공역, 대응, 일대일대응, 항등함수, 상수함수, 일대일함수, 합성함수, 역함수, 다항함수, 유리식, 무리식, 유리함수, 점근선, 무리함수, $f : X \to Y$, $g \circ f$, $(g \circ f)(x)$, $y = g(f(x))$, $f^{-1}$, $y = f^{-1}(x)$'를 다룬다."
함수와 그래프,10기수2-03,구체적 예시를 통한 이해,"일대일대응, 항등함수, 상수함수, 일대일함수, 합성함수, 역함수의 의미는 구체적인 예를 통해 이해할 수 있게 한다."
함수와 그래프,10기수2-03,공학 도구 활용,"함수의 그래프를 그리고 여러 가지 성질을 탐구할 때 공학 도구를 이용할 수 있으며, 이를 통해 직관적으로 이해할 수 있게 한다."
함수와 그래프,10기수2-03,실생활 문제 해결,"함수를 이용하여 자연 현상, 사회 현상에 대한 실생활 문제를 해결하는 활동을 통해 함수와 그래프의 유용성을 인식하게 한다."
함수와 그래프,10기수2-03,함수 그래프 평가 수준,함수의 그래프와 그 성질은 개념을 이해하는 수준에서 평가한다.
함수와 그래프,10기수2-03,합성함수와 역함수 평가 수준,합성함수와 역함수는 개념을 이해하는 수준에서 평가한다.
지수함수와 로그함수,12대수01,용어와 기호,"거듭제곱근, 지수, 로그, (로그의) 밑, 진수, 상용로그, 지수함수, 로그함수, $\sqrt[n]{a}$, $\log_a N$, $\log N$을 다룬다. "
지수함수와 로그함수,12대수01,학습 태도,수를 표현하는 과정에서 지수나 로그를 이용할 때 편리함을 인식하게 한다.
지수함수와 로그함수,12대수01,교수·학습 방법,지수와 로그 및 지수함수와 로그함수를 다룰 때 공학 도구를 이용할 수 있다.
지수함수와 로그함수,12대수01,실생활 문제 해결,구체적인 자연 현상이나 사회 현상을 지수함수와 로그함수로 표현하고 문제를 해결해 봄으로써 유용성을 인식하게 한다.
지수함수와 로그함수,12대수01,평가 유의 사항,"지수와 로그 및 지수함수와 로그함수를 다룰 때, 지나치게 복잡한 계산을 포함하는 문제는 다루지 않는다."
삼각함수,12대수02,용어와 기호,"삼각함수' 영역에서는 용어와 기호로 '시초선, 동경, 일반각, 호도법, 라디안, 주기, 주기함수, 삼각함수, 사인함수, 코사인함수, 탄젠트함수, 사인법칙, 코사인법칙, sinθ, cosθ, tanθ'를 다룬다."
삼각함수,12대수02,공학 도구 활용,삼각함수의 그래프를 그리거나 삼각함수와 관련된 문제를 해결할 때 공학 도구를 이용할 수 있다.
삼각함수,12대수02,방정식과 부등식 범위,"삼각함수가 포함된 방정식과 부등식은 삼각함수의 그래프를 해석하거나 사인법칙과 코사인법칙을 활용하여 문제를 해결하는 과정에서 나타나는 간단한 경우만 다루되, 주어진 구간 안에서 해를 구하는 것만 다룬다."
삼각함수,12대수02,실생활 문제 해결,사인법칙과 코사인법칙을 활용하여 실생활 문제를 해결해 봄으로써 삼각함수의 유용성을 인식하게 한다.
삼각함수,12대수02,깊이 있는 학습,다양한 현상의 문제를 삼각함수를 이용하여 해결하게 함으로써 깊이 있는 학습이 이루어지도록 한다.
삼각함수,12대수02,평가 중점 사항,"삼각함수와 그 그래프의 성질에 대한 평가에서는 기본적인 삼각함수의 그래프와 그 성질에 대한 이해 능력을 평가하는 데 중점을 두고, 지나치게 복잡한 문제는 다루지 않는다."
수열,12대수03,용어와 기호,"수열' 영역에서는 용어와 기호로 '수열, 항, 일반항, 공차, 등차수열, 등차중항, 공비, 등비수열, 등비중항, 귀납적 정의, 수학적 귀납법,$a_n$, $\{a_n\}$, $S_n$, $\sum_{k=1}^n a_k$'를 다룬다."
수열,12대수03,평가 범위 제한,등비수열과 그 합을 이용하여 문제를 해결할 수 있는 능력을 평가할 때 연금의 일시 지급이나 대출금 상환 등과 같이 지나치게 복잡한 상황을 포함하는 문제는 다루지 않는다.
수열,12대수03,귀납적 표현,"수열과 관련된 여러 가지 문제를 귀납적으로 표현할 수 있게 하고, 귀납적으로 정의된 수열의 일반항을 구하는 문제는 다루지 않는다."
수열,12대수03,논리적 사고 태도,수학적 귀납법을 이용하여 명제를 증명하는 과정을 통해 논리적으로 사고하는 태도를 기르게 한다.
함수의 극한과 연속,12미적1-01,용어와 기호,"함수의 극한과 연속' 영역에서는 용어와 기호로 '구간, 닫힌구간, 열린구간, 반닫힌(반열린)구간, 수렴, 극한(값), 좌극한, 우극한, 발산, 무한대, 연속, 불연속, 연속함수, 최대·최소 정리, 사잇값 정리, [a, b], (a, b), [a, b), (a, b], lim_{x→a} f(x), lim_{x→a⁻} f(x), lim_{x→a⁺} f(x), ∞'를 다룬다."
함수의 극한과 연속,12미적1-01,흥미와 관심 유발,무한을 수학적으로 다루는 방법에 흥미와 관심을 갖도록 다양한 교수·학습 경험을 제공한다.
함수의 극한과 연속,12미적1-01,직관적 이해와 공학 도구,"함수의 극한과 연속에 대한 뜻과 성질을 그래프를 통해 직관적으로 이해하게 하고, 이때 공학 도구를 이용할 수 있다."
함수의 극한과 연속,12미적1-01,체계적 사고 태도,함수의 연속성을 판정하는 과정에서 체계적으로 사고하여 의사 결정하는 태도를 기르게 한다.
함수의 극한과 연속,12미적1-01,평가 범위 제한,"함수의 극한과 연속의 뜻과 성질에 대한 이해 여부를 평가할 때, 복잡한 합성함수나 절댓값이 여러 개 포함된 함수와 같이 지나치게 복잡한 함수를 포함하는 문제는 다루지 않는다."
미분,12미적1-02,용어와 기호,"미분' 영역에서는 용어와 기호로 '증분, 평균변화율, 순간변화율, 미분계수, 미분가능, 도함수, 롤의 정리, 평균값 정리, 증가, 감소, 극대, 극소, 극값, 극댓값, 극솟값, Δx, Δy, f'(x), y', dy/dx, d/dx f(x)'를 다룬다."
미분,12미적1-02,공학 도구 활용,미분계수의 기하적 의미를 다룰 때 공학 도구를 이용할 수 있다.
미분,12미적1-02,유용성과 가치 인식,구체적인 자연 현상이나 사회 현상을 이해하는 과정에서 미분의 유용성과 가치를 인식하도록 다양한 교수·학습 경험을 제공한다.
미분,12미적1-02,평가 중점 사항,"도함수의 기본 성질을 이해하고 활용할 수 있는 능력을 평가하는 데 중점을 두고, 지나치게 복잡한 계산을 포함하는 문제는 다루지 않는다."
적분,12미적1-03,용어와 기호,"적분' 영역에서는 용어와 기호로 '부정적분, 적분상수, 정적분,$\int f(x) dx$, $\int_a^b f(x) dx$, $[F(x)]_a^b$'를 다룬다."
적분,12미적1-03,유용성과 가치 인식,구체적인 자연 현상이나 사회 현상을 이해하는 과정에서 적분의 유용성과 가치를 인식하도록 다양한 교수·학습 경험을 제공한다.
적분,12미적1-03,부정적분 평가 범위,"부정적분의 기본 성질을 이해하고 활용할 수 있는 능력을 평가할 때, 지나치게 복잡한 계산을 포함하는 문제는 다루지 않는다."
적분,12미적1-03,정적분 활용 범위,정적분의 활용에서 지나치게 복잡한 문제는 다루지 않는다.
적분,12미적1-03,추가 용어 활용,"피적분함수', '원시함수', '위끝', '아래끝', '미적분의 기본정리' 용어는 교수·학습 상황에서 사용할 수 있다."
경우의 수 ,12확통01,용어와 기호,"경우의 수' 영역에서는 용어와 기호로 '중복순열, 중복조합, 이항정리, 이항계수, 파스칼의 삼각형, ${}_n\Pi_r$, ${}_n\mathrm{H}_r$'을 다룬다."
경우의 수 ,12확통01,실생활 문제 해결,중복순열과 중복조합을 실생활 문제해결에 활용해 봄으로써 그 유용성을 인식하게 한다.
경우의 수 ,12확통01,학습 범위 제한,항이 세 개 이상인 다항정리에 관한 문제와 허수단위 i가 포함된 이항정리에 관한 문제는 다루지 않는다.
확률,12확통02,용어와 기호,"확률' 영역에서는 용어와 기호로 '시행, 통계적 확률, 수학적 확률, 여사건, 배반사건, 조건부확률, 종속, 독립, 독립시행, P(A), P(A|B)'를 다룬다."
확률,12확통02,공학 도구 활용,통계적 확률과 수학적 확률의 관계를 이해하고 통계적 확률을 다룰 때 충분히 많은 횟수의 시행을 구현하기 위하여 공학 도구를 이용할 수 있다.
확률,12확통02,조건부확률의 필요성,실생활의 소재를 활용하여 조건부확률의 필요성과 유용성을 인식하도록 다양한 학습 경험을 제공한다.
확률,12확통02,조건부확률의 이해,"조건부확률은 조건이 주어진 상황에서의 가능성을 수치화한 확률로 이해하게 하고, 사건의 시간적 순서나 인과관계로 해석하지 않도록 한다."
확률,12확통02,학습 범위 제한,세 사건 이상에서 서로 배반이거나 서로 독립임을 가정한 복잡한 문제는 다루지 않는다.
확률,12확통02,합리적 의사결정,사건이 일어날 가능성을 수치화하는 경험을 통해 문제를 해결하고 미래를 예측하며 합리적으로 의사 결정할 수 있게 한다.
통계,12확통03,용어와 기호,"통계' 영역에서는 용어와 기호로 '확률변수, 이산확률변수, 확률분포, 연속확률변수, 기댓값, 이항분포, 큰 수의 법칙, 정규분포, 표준정규분포, 모집단, 표본, 전수조사, 표본조사, 임의추출, 모평균, 모분산, 모표준편차, 표본평균, 표본분산, 표본표준편차, 모비율, 표본비율, 추정, 신뢰도, 신뢰구간, P(X=x), E(X), V(X), σ(X), B(n,p), N(m,σ²), N(0,1), X̄, S², S, p̂'을 다룬다."
통계,12확통03,학습 범위 제한,이항분포의 평균과 분산을 구하는 식을 증명하는 문제는 다루지 않는다.
통계,12확통03,정규분포 확률 계산,"정규분포를 따르는 확률변수에서 확률을 구할 때, 표준정규분포로 변환하여 확률을 구할 수 있게 한다. 공학 도구를 이용하여 이항분포 B(n,p)에서 n의 값을 고정하고 p의 값을 변화시키면서 이항분포 그래프와 정규분포 그래프의 관계를 살펴보게 할 수 있다."
통계,12확통03,추정 지도 범위,"모평균 및 모비율의 추정을 지도할 때, 복잡한 신뢰구간의 계산은 다루지 않는다."
통계,12확통03,민주 시민 소양,불확실성의 해석에 대한 통계의 유용성을 인식하고 합리적인 판단을 추구함으로써 민주 시민으로서의 소양을 기를 수 있게 한다.
통계,12확통03,통계적 문제해결 평가,"모집단의 설정, 표본추출, 모평균 또는 모비율의 추정과 그 결과의 해석을 평가할 때는 통계적 문제해결에 기반한 평가를 할 수 있다. "
통계,12확통03,용어와 기호,"확률질량함수’, ‘확률밀도함수’ 용어는 교수⋅학습 상황에서 사용할 수 있다."
수열의 극한,12미적2-01,용어와 기호,"수열의 극한' 영역에서는 용어와 기호로 '급수, 부분합, 급수의 합, 등비급수,$\lim_{n \to \infty} a_n$, $\sum_{n=1}^\infty a_n$'을 다룬다."
수열의 극한,12미적2-01,흥미와 관심 유발,무한을 수학적으로 다루는 방법에 흥미와 관심을 갖도록 다양한 학습 경험을 제공한다.
수열의 극한,12미적2-01,공학 도구 활용,"수열이나 급수의 수렴, 발산을 다룰 때 공학 도구를 이용할 수 있다."
수열의 극한,12미적2-01,체계적 사고 태도,"급수의 수렴, 발산을 판정하는 과정에서 체계적으로 사고하여 의사 결정하는 태도를 기르게 한다."
수열의 극한,12미적2-01,학습 범위 제한,급수의 계산에서 일반항이 등차수열과 등비수열의 곱으로 표현되는 경우와 같이 지나치게 복잡한 문제는 다루지 않는다.
수열의 극한,12미적2-01,추가 기호 활용,기호 $\lim_{n \to \infty} S_n$은 교수·학습 상황에서 사용할 수 있다.
미분법,12미적2-02,용어와 기호,"미분법' 영역에서는 용어와 기호로 '자연로그, 덧셈정리, 매개변수, 음함수, 이계도함수, 변곡점, e, eˣ, ln x, sec x, csc x, cot x, f''(x), y'', d²y/dx², d²/dx² f(x)'를 다룬다."
미분법,12미적2-02,학습 범위,매개변수로 나타낸 함수와 음함수는 간단한 것만 다룬다.
미분법,12미적2-02,유용성과 가치 인식,구체적인 자연 현상이나 사회 현상을 도함수를 통해 이해하게 함으로써 미분의 유용성과 가치를 인식하게 한다.
미분법,12미적2-02,평가 범위 제한,"도함수의 기본 성질을 이해하고 활용할 수 있는 능력을 평가할 때, 지나치게 복잡한 계산을 포함하는 문제는 다루지 않는다."
적분법,12미적2-03,용어와 기호,"적분법' 영역에서는 용어와 기호로 '치환적분법, 부분적분법'을 다룬다."
적분법,12미적2-03,유용성과 가치 인식,정적분의 다양한 문제해결 과정을 통해 적분의 유용성과 가치를 인식하게 한다.
적분법,12미적2-03,정적분과 급수의 관계,주어진 영역의 넓이를 직사각형 넓이의 합의 극한으로 나타내 봄으로써 정적분과 급수의 합 사이의 관계를 이해할 수 있게 한다.
적분법,12미적2-03,공학 도구 활용,"정적분과 급수의 합 사이의 관계를 다룰 때, 공학 도구를 이용할 수 있다."
적분법,12미적2-03,학습 범위 제한,여러 가지 적분법과 정적분의 활용에서 지나치게 복잡한 문제는 다루지 않는다.
적분법,12미적2-03,추가 용어 활용,구분구적법' 용어는 교수·학습 상황에서 사용할 수 있다.