학년,교과목,대단원no.,대단원,중단원no.,중단원,소단원no.,소단원
초1,초등수학1-1,1,9까지의 수,1-1,수 세기와 읽기,1-1-1.,"1~5, 0, 6~9 알아보기"
초1,초등수학1-1,1,9까지의 수,1-2,수의 순서와 크기,1-2-1.,수의 순서와 크기 비교
초1,초등수학1-1,2,여러 가지 모양,2-1,모양 알아보기,2-1-1.,여러 가지 모양 찾고 알아보기
초1,초등수학1-1,3,덧셈과 뺄셈,3-1,가르기와 모으기,3-1-1.,가르기와 모으기
초1,초등수학1-1,3,덧셈과 뺄셈,3-2,덧셈과 뺄셈,3-2-1.,"더하기와 빼기, 0의 계산"
초1,초등수학1-1,4,비교하기,4-1,비교하기,4-1-1.,"길이, 무게, 넓이, 들이 비교"
초1,초등수학1-1,5,50까지의 수,5-1,50까지의 수,5-1-1.,10~50 알아보기
초1,초등수학1-2,1,100까지의 수,1-1,100까지의 수,1-1-1.,60~99 알아보기
초1,초등수학1-2,2,덧셈과 뺄셈(1),2-1,덧셈과 뺄셈,2-1-1.,(두 자리)±(한 자리/두 자리)
초1,초등수학1-2,3,여러 가지 모양,3-1,평면도형,3-1-1.,"○, △, □ 모양 알아보기"
초1,초등수학1-2,4,덧셈과 뺄셈(2),4-1,세 수의 계산,4-1-1.,세 수의 덧셈과 뺄셈
초1,초등수학1-2,4,덧셈과 뺄셈(2),4-2,10을 이용한 연산,4-2-1.,10이 되는 더하기와 빼기
초1,초등수학1-2,5,시계 보기와 규칙,5-1,시계,5-1-1.,"몇 시, 몇 시 30분"
초1,초등수학1-2,5,시계 보기와 규칙,5-2,규칙,5-2-1.,규칙 찾고 무늬 꾸미기
초1,초등수학1-2,6,덧셈과 뺄셈(3),6-1,받아올림/내림,6-1-1.,10을 이용한 모으기와 가르기
초2,초등수학2-1,1,세 자리 수,1-1,세 자리 수,1-1-1.,"백, 몇백, 세 자리 수"
초2,초등수학2-1,2,여러 가지 도형,2-1,평면도형,2-1-1.,"원, 삼각형, 사각형"
초2,초등수학2-1,3,덧셈과 뺄셈,3-1,덧셈과 뺄셈,3-1-1.,받아올림/내림이 있는 계산
초2,초등수학2-1,4,길이 재기,4-1,길이 재기,4-1-1.,cm 알아보기와 자 사용
초2,초등수학2-1,5,분류하기,5-1,분류,5-1-1.,기준에 따라 분류하기
초2,초등수학2-1,6,곱셈,6-1,곱셈 기초,6-1-1.,묶어 세기와 배의 개념
초2,초등수학2-2,1,네 자리 수,1-1,네 자리 수,1-1-1.,"천, 네 자리 수"
초2,초등수학2-2,2,곱셈구구,2-1,곱셈구구,2-1-1.,"2단~9단, 1단, 0의 곱"
초2,초등수학2-2,3,길이 재기,3-1,길이 재기,3-1-1.,"m 알아보기, 길이의 합과 차"
초2,초등수학2-2,4,시각과 시간,4-1,시각과 시간,4-1-1.,"시각 읽기, 시간 구하기"
초2,초등수학2-2,5,표와 그래프,5-1,자료의 정리,5-1-1.,표와 그래프 나타내기
초2,초등수학2-2,6,규칙 찾기,6-1,규칙 찾기,6-1-1.,"수, 도형, 계산식 규칙"
초3,초등수학3-1,1,덧셈과 뺄셈,1-1,덧셈과 뺄셈,1-1-1.,세 자리 수의 연산
초3,초등수학3-1,2,평면도형,2-1,선과 각,2-1-1.,"선분/직선, 각/직각"
초3,초등수학3-1,3,나눗셈,3-1,나눗셈 기초,3-1-1.,나눗셈의 의미와 몫
초3,초등수학3-1,4,곱셈,4-1,곱셈,4-1-1.,(두 자리)×(한 자리)
초3,초등수학3-1,5,길이와 시간,5-1,길이와 시간,5-1-1.,"mm, km, 초, 시간의 연산"
초3,초등수학3-1,6,분수와 소수,6-1,분수와 소수,6-1-1.,분수/소수의 이해와 크기비교
초3,초등수학3-2,1,곱셈,1-1,곱셈 심화,1-1-1.,(세/두 자리)×(한/두 자리)
초3,초등수학3-2,2,나눗셈,2-1,나눗셈 심화,2-1-1.,(두/세 자리)÷(한 자리)
초3,초등수학3-2,3,원,3-1,원의 성질,3-1-1.,"중심, 반지름, 지름"
초3,초등수학3-2,4,분수,4-1,분수의 종류,4-1-1.,"진/가/대분수, 분수의 합/차"
초3,초등수학3-2,5,들이와 무게,5-1,측정,5-1-1.,"L, mL, kg, g, t"
초3,초등수학3-2,6,자료의 정리,6-1,자료 정리,6-1-1.,표와 그림그래프
초4,초등수학4-1,1,큰 수,1-1,큰 수,1-1-1.,"만, 억, 조"
초4,초등수학4-1,2,각도,2-1,각도,2-1-1.,"각도 재기, 합과 차"
초4,초등수학4-1,3,곱셈과 나눗셈,3-1,곱셈과 나눗셈,3-1-1.,세 자리 수의 곱셈/나눗셈
초4,초등수학4-1,4,평면도형의 이동,4-1,이동,4-1-1.,"밀기, 뒤집기, 돌리기"
초4,초등수학4-1,5,막대그래프,5-1,막대그래프,5-1-1.,막대그래프 그리기와 해석
초4,초등수학4-1,6,규칙 찾기,6-1,규칙 찾기,6-1-1.,다양한 배열의 규칙
초4,초등수학4-2,1,분수의 덧셈과 뺄셈,1-1,분수의 연산,1-1-1.,분모가 같은 분수의 합과 차
초4,초등수학4-2,2,삼각형,2-1,삼각형,2-1-1.,"이등변, 정, 예각/직각/둔각"
초4,초등수학4-2,3,소수의 덧셈과 뺄셈,3-1,소수의 연산,3-1-1.,"자릿수, 덧셈과 뺄셈"
초4,초등수학4-2,4,사각형,4-1,사각형,4-1-1.,"수직, 평행, 여러 가지 사각형"
초4,초등수학4-2,5,꺾은선그래프,5-1,꺾은선그래프,5-1-1.,꺾은선그래프 그리기와 해석
초4,초등수학4-2,6,다각형,6-1,다각형,6-1-1.,"다각형, 정다각형, 대각선"
초5,초등수학5-1,1,자연수의 혼합 계산,1-1,혼합 계산,1-1-1.,"사칙연산 혼합, 괄호"
초5,초등수학5-1,2,약수와 배수,2-1,약수와 배수,2-1-1.,최대공약수와 최소공배수
초5,초등수학5-1,3,규칙과 대응,3-1,규칙과 대응,3-1-1.,대응 관계와 식
초5,초등수학5-1,4,약분과 통분,4-1,약분과 통분,4-1-1.,"크기가 같은 분수, 통분"
초5,초등수학5-1,5,분수의 덧셈과 뺄셈,5-1,분수의 연산,5-1-1.,분모가 다른 분수의 합과 차
초5,초등수학5-1,6,다각형의 둘레와 넓이,6-1,둘레와 넓이,6-1-1.,"둘레, 넓이(사각/삼각형)"
초5,초등수학5-2,1,수의 범위와 어림하기,1-1,범위와 어림,1-1-1.,"이상/이하/초과/미만, 반올림"
초5,초등수학5-2,2,분수의 곱셈,2-1,분수의 곱셈,2-1-1.,"(분수)×(자연수), (분수)×(분수)"
초5,초등수학5-2,3,합동과 대칭,3-1,합동과 대칭,3-1-1.,"합동, 선대칭, 점대칭"
초5,초등수학5-2,4,소수의 곱셈,4-1,소수의 곱셈,4-1-1.,"(소수)×(자연수), (소수)×(소수)"
초5,초등수학5-2,5,직육면체,5-1,직육면체,5-1-1.,"성질, 겨냥도, 전개도"
초5,초등수학5-2,6,평균과 가능성,6-1,통계,6-1-1.,"평균, 가능성"
초6,초등수학6-1,1,분수의 나눗셈,1-1,분수의 나눗셈,1-1-1.,(분수)÷(자연수)
초6,초등수학6-1,2,각기둥과 각뿔,2-1,입체도형,2-1-1.,"각기둥, 각뿔, 전개도"
초6,초등수학6-1,3,소수의 나눗셈,3-1,소수의 나눗셈,3-1-1.,(소수)÷(자연수)
초6,초등수학6-1,4,비와 비율,4-1,비와 비율,4-1-1.,"비, 비율, 백분율"
초6,초등수학6-1,5,여러 가지 그래프,5-1,그래프,5-1-1.,"띠그래프, 원그래프"
초6,초등수학6-1,6,직육면체의 부피/겉넓이,6-1,부피와 겉넓이,6-1-1.,"부피, 겉넓이 구하기"
초6,초등수학6-2,1,분수의 나눗셈,1-1,분수의 나눗셈,1-1-1.,(분수)÷(분수)
초6,초등수학6-2,2,소수의 나눗셈,2-1,소수의 나눗셈,2-1-1.,(소수)÷(소수)
초6,초등수학6-2,3,공간과 입체,3-1,공간과 입체,3-1-1.,"쌓기나무, 바라본 모양"
초6,초등수학6-2,4,비례식과 비례배분,4-1,비례식,4-1-1.,"비례식 성질, 비례배분"
초6,초등수학6-2,5,원의 넓이,5-1,원,5-1-1.,"원주율, 원주, 원의 넓이"
초6,초등수학6-2,6,"원기둥, 원뿔, 구",6-1,입체도형,6-1-1.,원기둥/원뿔/구의 성질
중1,중학수학1-1,1,소인수분해,1-1,소인수분해,1-1-1.,소인수분해
중1,중학수학1-1,1,소인수분해,1-2,최대공약수와 최소공배수,1-2-1.,최대공약수
중1,중학수학1-1,1,소인수분해,1-2,최대공약수와 최소공배수,1-2-2.,최소공배수
중1,중학수학1-1,2,정수와 유리수,2-1,정수와 유리수,2-1-1.,정수와 유리수
중1,중학수학1-1,2,정수와 유리수,2-1,정수와 유리수,2-1-2.,정수와 유리수의 대소관계
중1,중학수학1-1,2,정수와 유리수,2-2,정수와 유리수의 계산,2-2-1.,정수와 유리수의 덧셈과 뺄셈
중1,중학수학1-1,2,정수와 유리수,2-2,정수와 유리수의 계산,2-2-2.,정수와 유리수의 곱셈과 나눗셈
중1,중학수학1-1,3,문자와 식,3-1,문자의 사용과 식의 계산,3-1-1.,문자의 사용과 식의 값
중1,중학수학1-1,3,문자와 식,3-1,문자의 사용과 식의 계산,3-1-2.,일차식의 계산
중1,중학수학1-1,3,문자와 식,3-2,일차방정식,3-2-1.,등식과 방정식
중1,중학수학1-1,3,문자와 식,3-2,일차방정식,3-2-2.,일차방정식의 풀이
중1,중학수학1-1,3,문자와 식,3-2,일차방정식,3-2-3.,일차방정식의 활용
중1,중학수학1-1,4,좌표평면과 그래프,4-1,좌표평면과 그래프,4-1-1.,순서쌍과 좌표평면
중1,중학수학1-1,4,좌표평면과 그래프,4-1,좌표평면과 그래프,4-1-2.,그래프
중1,중학수학1-1,4,좌표평면과 그래프,4-2,정비례와 반비례,4-2-1.,정비례와 반비례
중1,중학수학1-2,5,기본도형,5-1,기본도형,5-1-1.,기본도형
중1,중학수학1-2,5,기본도형,5-1,기본도형,5-1-2.,위치관계
중1,중학수학1-2,5,기본도형,5-1,기본도형,5-1-3.,평생선의 성질
중1,중학수학1-2,5,기본도형,5-2,작도와 합동,5-2-1.,작도
중1,중학수학1-2,5,기본도형,5-2,작도와 합동,5-2-2.,합동
중1,중학수학1-2,6,평면도형과 입체도형,6-1,평면도형의 성질,6-1-1.,다각형
중1,중학수학1-2,6,평면도형과 입체도형,6-1,평면도형의 성질,6-1-2.,원과 부채꼴
중1,중학수학1-2,6,평면도형과 입체도형,6-2,입체도형의 성질,6-2-1.,다면체
중1,중학수학1-2,6,평면도형과 입체도형,6-2,입체도형의 성질,6-2-2.,회전체
중1,중학수학1-2,6,평면도형과 입체도형,6-2,입체도형의 성질,6-2-3.,입체도형의 겉넓이와 부피
중1,중학수학1-2,7,통계,7-1,자료와의 정리와 해석,7-1-1.,자료의 정리
중1,중학수학1-2,7,통계,7-1,자료와의 정리와 해석,7-1-2.,자료의 해석
중2,중학수학2-1,1,수와 식,1-1,유리수와 순환소수,1-1-1.,유리수와 순환소수
중2,중학수학2-1,1,수와 식,1-2,단항식과 다항식의 계산,1-2-1.,단항식의 계산
중2,중학수학2-1,1,수와 식,1-2,단항식과 다항식의 계산,1-2-2.,다항식의 계산
중2,중학수학2-1,2,부등식과 연립방정식,2-1,일차부등식,2-1-1.,일차부등식
중2,중학수학2-1,2,부등식과 연립방정식,2-2,연립일차방정식,2-2-1.,일차방정식
중2,중학수학2-1,2,부등식과 연립방정식,2-2,연립일차방정식,2-2-2.,연립방정식의 풀이
중2,중학수학2-1,2,부등식과 연립방정식,2-3,연립일차방정식의 활용,2-3-1.,연립일차방정식의 활용
중2,중학수학2-1,3,함수,3-1,일차함수와 그 그래프,3-1-1.,함수의 뜻과 함수값
중2,중학수학2-1,3,함수,3-1,일차함수와 그 그래프,3-1-2.,일차함수의 뜻과 그 그래프
중2,중학수학2-1,3,함수,3-1,일차함수와 그 그래프,3-1-3.,일차함수의 그래프의 성질과 활용
중2,중학수학2-1,3,함수,3-2,일차함수와 일차방정식,3-2-1.,일차함수와 일차방정식의 관계
중2,중학수학2-2,4,삼각형의 성질,4-1,이등변삼각형,4-1-1.,이등변삼각형의 성질
중2,중학수학2-2,4,삼각형의 성질,4-1,이등변삼각형,4-1-2.,직각삼각형의 합동
중2,중학수학2-2,4,삼각형의 성질,4-2,삼각형의 외심과 내심,4-2-1.,삼각형의 외심
중2,중학수학2-2,4,삼각형의 성질,4-2,삼각형의 외심과 내심,4-2-2.,삼각형의 내심
증2,중학수학2-2,5,사각형의 성질,5-1,평행사변형,5-1-1.,평행사변형의 성질
증2,중학수학2-2,5,사각형의 성질,5-1,평행사변형,5-1-2.,평행사변형이 되는 조건
증2,중학수학2-2,5,사각형의 성질,5-2,여러 가지 사각형,5-2-1.,여러 가지 사각형
증2,중학수학2-2,5,사각형의 성질,5-2,여러 가지 사각형,5-2-2.,평생선과 넓이
중2,중학수학2-2,6,도형의 닮음과 피타고라스 정리,6-1,도형의 닮음,6-1-1.,닮은 도형
중2,중학수학2-2,6,도형의 닮음과 피타고라스 정리,6-1,도형의 닮음,6-1-2.,삼각형의 닮은 조건
중2,중학수학2-2,6,도형의 닮음과 피타고라스 정리,6-2,평생선 사이의 선분의 길이의 비,6-2-1.,삼각형과 평행선
중2,중학수학2-2,6,도형의 닮음과 피타고라스 정리,6-2,평생선 사이의 선분의 길이의 비,6-2-2.,삼각형의 각의 이등분선
중2,중학수학2-2,6,도형의 닮음과 피타고라스 정리,6-2,평생선 사이의 선분의 길이의 비,6-2-3.,평행선과 선분의 길이의 비
중2,중학수학2-2,6,도형의 닮음과 피타고라스 정리,6-3,삼각형의 무게중심,6-3-1.,삼각형의 두 변의 중점을 연결한 선분
중2,중학수학2-2,6,도형의 닮음과 피타고라스 정리,6-3,삼각형의 무게중심,6-3-2.,삼각형의 무게중심
중2,중학수학2-2,6,도형의 닮음과 피타고라스 정리,6-4,피타고라스 정리,6-4-1.,피타고라스 정리
중2,중학수학2-2,6,도형의 닮음과 피타고라스 정리,6-4,피타고라스 정리,6-4-2.,피타고라스 정리를 이용한 성질
중2,중학수학2-2,7,확률,7-1,경우의 수,7-1-1.,경우의 수 
중2,중학수학2-2,7,확률,7-1,경우의 수,7-1-2.,여러 가지 경우의 수
중2,중학수학2-2,7,확률,7-2,확률,7-2-1.,확률의 뜻과 성질
중2,중학수학2-2,7,확률,7-2,확률,7-2-2.,확률의 계산
중3,중학수학3-1,1,실수와 그 연산,1-1,제곱근과 실수,1-1-1.,제곱근의 뜻과 성질
중3,중학수학3-1,1,실수와 그 연산,1-1,제곱근과 실수,1-1-2.,무리수와 실수
중3,중학수학3-1,1,실수와 그 연산,1-2,근호를 포함한 식의 계산,1-2-1.,제곱곤의 곱셈과 나눗셈
중3,중학수학3-1,1,실수와 그 연산,1-2,근호를 포함한 식의 계산,1-2-2.,제곱근의 덧셈과 뺄셈
중3,중학수학3-1,2,다항식의 곱셈과 인수분해,2-1,다항식의 곱셈,2-1-1.,다항식의 곱셈
중3,중학수학3-1,2,다항식의 곱셈과 인수분해,2-1,다항식의 곱셈,2-1-2.,다항식의 곱셈의 응용
중3,중학수학3-1,2,다항식의 곱셈과 인수분해,2-2,인수분해,2-2-1.,다항식의 인수분해
중3,중학수학3-1,2,다항식의 곱셈과 인수분해,2-2,인수분해,2-2-2.,인수분해 공식의 활용
중3,중학수학3-1,3,이차방정식,3-1,이차방정식의 풀이,3-1-1.,이차방정식과 그 해 
중3,중학수학3-1,3,이차방정식,3-1,이차방정식의 풀이,3-1-2.,이차방정식의 풀이
중3,중학수학3-1,3,이차방정식,3-2,이차방정식의 활용,3-2-1.,이차방정식의 활용
중3,중학수학3-1,4,이차함수,4-1,이차함수의 뜻과 그래프,4-1-1.,이차함수 y=ax^2의 그래프
중3,중학수학3-1,4,이차함수,4-1,이차함수의 뜻과 그래프,4-1-2.,이차함수 y=a(x-p)^2+q의 그래프
중3,중학수학3-1,4,이차함수,4-2,이차함수 y=ax^2+bx+c 의 그래프,4-2-1.,이차함수 y=ax^2+bx+c 의 그래프
중3,중학수학3-1,4,이차함수,4-2,이차함수 y=ax^2+bx+c 의 그래프,4-2-2.,이차함수의 식 구하기
중3,중학수학3-2,5,삼각비,5-1,삼각비,5-1-1.,삼각비
중3,중학수학3-2,5,삼각비,5-1,삼각비,5-1-2.,삼각비의 값
중3,중학수학3-2,5,삼각비,5-2,삼각비의 활용,5-2-1.,길이 구하기
중3,중학수학3-2,5,삼각비,5-2,삼각비의 활용,5-2-2.,넓이 구하기
중3,중학수학3-2,6,원의 성질,6-1,원과 직선,6-1-1.,원의 현
중3,중학수학3-2,6,원의 성질,6-1,원과 직선,6-1-2.,원의 접선
중3,중학수학3-2,6,원의 성질,6-2,원주각,6-2-1.,원주각
중3,중학수학3-2,6,원의 성질,6-2,원주각,6-2-2.,원과 사각형
중3,중학수학3-2,6,원의 성질,6-2,원주각,6-2-3.,접선과 현이 이루는 각
중3,중학수학3-2,7,통계,7-1,대푯값과 산포도,7-1-1.,대푯값
중3,중학수학3-2,7,통계,7-1,대푯값과 산포도,7-1-2.,산포도
중3,중학수학3-2,7,통계,7-2,상관관계,7-2-1.,산점도와 상관관계
고1,공통수학(상),1,다항식,1-1,다항식의 연산,1-1-1.,다항식의 연산
고1,공통수학(상),1,다항식,1-1,다항식의 연산,1-1-2.,항등식과 나머지 정리
고1,공통수학(상),1,다항식,1-1,다항식의 연산,1-1-3.,인수분해
고1,공통수학(상),2,방정식과 부등식,2-1,복소수와 이차방정식,2-1-1.,복소수의 뜻과 사칙연산
고1,공통수학(상),2,방정식과 부등식,2-1,복소수와 이차방정식,2-1-2.,이차방정식의 근과 판별식
고1,공통수학(상),2,방정식과 부등식,2-1,복소수와 이차방정식,2-1-3.,이차방정식의 근과 계수의 관계
고1,공통수학(상),2,방정식과 부등식,2-2,이차방정식과 이차함수,2-2-1.,이차방정식과 이차함수
고1,공통수학(상),2,방정식과 부등식,2-2,이차방정식과 이차함수,2-2-2.,"이차함수의 최대, 최소"
고1,공통수학(상),2,방정식과 부등식,2-3,여러 가지 방정식과 부등식,2-3-1.,삼차방정식과 사차방정식
고1,공통수학(상),2,방정식과 부등식,2-3,여러 가지 방정식과 부등식,2-3-2.,연립이차방정식
고1,공통수학(상),2,방정식과 부등식,2-3,여러 가지 방정식과 부등식,2-3-3.,연립일차부등식
고1,공통수학(상),2,방정식과 부등식,2-3,여러 가지 방정식과 부등식,2-3-4.,이차부등식과 연립이차부등식
고1,공통수학(상),3,경우의 수,3-1,순열과 조합,3-1-1.,경우의 수
고1,공통수학(상),3,경우의 수,3-1,순열과 조합,3-1-2.,순열
고1,공통수학(상),3,경우의 수,3-1,순열과 조합,3-1-3.,조합
고1,공통수학(상),4,행렬,4-1,행렬과 그 연산,4-1-1.,행렬
고1,공통수학(상),4,행렬,4-1,행렬과 그 연산,4-1-2.,행렬의 연산
고1,공통수학(하),1,도형의 방정식,1-1,평면좌표,1-1-1.,평면좌표
고1,공통수학(하),1,도형의 방정식,1-1,평면좌표,1-1-2.,선분의 내분점
고1,공통수학(하),1,도형의 방정식,1-2,직선의 방정식,1-2-1.,직선의 방정식
고1,공통수학(하),1,도형의 방정식,1-2,직선의 방정식,1-2-2.,두 직선의 위치 관계
고1,공통수학(하),1,도형의 방정식,1-2,직선의 방정식,1-2-3.,점과 직선 사이의 거리
고1,공통수학(하),1,도형의 방정식,1-3,원의 방정식,1-3-1.,원의 방정식
고1,공통수학(하),1,도형의 방정식,1-3,원의 방정식,1-3-2.,원과 직선의 위치 관계
고1,공통수학(하),1,도형의 방정식,1-4,도형의 방정식,1-4-1.,평행이동
고1,공통수학(하),1,도형의 방정식,1-4,도형의 방정식,1-4-2.,대칭이동
고1,공통수학(하),2,집합과 명제,2-1,집합,2-1-1.,집합의 개념과 표현
고1,공통수학(하),2,집합과 명제,2-1,집합,2-1-2.,집합 사이의 포함 관계
고1,공통수학(하),2,집합과 명제,2-1,집합,2-1-3.,집합의 연산
고1,공통수학(하),2,집합과 명제,2-2,명제,2-2-1.,명제와 조건
고1,공통수학(하),2,집합과 명제,2-2,명제,2-2-2.,명제 사이의 관계
고1,공통수학(하),2,집합과 명제,2-2,명제,2-2-3.,여러 가지 증명
고1,공통수학(하),3,함수,3-1,함수,3-1-1.,함수의 뜻과 그래프
고1,공통수학(하),3,함수,3-1,함수,3-1-2.,합성함수
고1,공통수학(하),3,함수,3-1,함수,3-1-3.,역함수
고1,공통수학(하),3,함수,3-2.,유리함수와 무리함수,3-2-1.,유리식과 유리함수
고1,공통수학(하),3,함수,3-2.,유리함수와 무리함수,3-2-2.,무리식과 무리함수
고2,수학1,1,지수함수와 로그함수,1-1,지수,1-1-1.,거듭제곱과 거듭제곱근
고2,수학1,1,지수함수와 로그함수,1-1,지수,1-1-2.,지수의 확장과 지수법칙
고2,수학1,1,지수함수와 로그함수,1-2,로그,1-2-1.,로그의 뜻과 성질
고2,수학1,1,지수함수와 로그함수,1-2,로그,1-2-2.,상용로그
고2,수학1,1,지수함수와 로그함수,1-3,지수함수,1-3-1. ,지수함수의 뜻과 그래프
고2,수학1,1,지수함수와 로그함수,1-3,지수함수,1-3-2.,"지수함수의 최대, 최소"
고2,수학1,1,지수함수와 로그함수,1-3,지수함수,1-3-3.,지수방정식과 지수부등식
고2,수학1,1,지수함수와 로그함수,1-4,로그함수,1-4-1.,로그함수의 뜻과 그래프
고2,수학1,1,지수함수와 로그함수,1-4,로그함수,1-4-2. ,"로그함수의 최대, 최소"
고2,수학1,1,지수함수와 로그함수,1-4,로그함수,1-4-3.,로그방정식과 로그부등식
고2,수학1,2,삼각함수,2-1,삼각함수 ,2-1-1.,일반각과 호도법
고2,수학1,2,삼각함수,2-1,삼각함수 ,2-1-2. ,"삼각함수의 뜻, 삼각함수 사이의 관계"
고2,수학1,2,삼각함수,2-2,삼각함수의 그래프,2-2-1.,삼각함수의 그래프
고2,수학1,2,삼각함수,2-2,삼각함수의 그래프,2-2-2.,"삼각함수의 주기 및 최대, 최소"
고2,수학1,2,삼각함수,2-2,삼각함수의 그래프,2-2-3.,삼각함수를 포함한 방정식과 부등식
고2,수학1,2,삼각함수,2-3,삼각함수의 활용,2-3-1.,사인법칙과 코사인 법칙
고2,수학1,2,삼각함수,2-3,삼각함수의 활용,2-3-2.,삼각형의 넓이
고2,수학1,3,수열,3-1,등차수열과 등비수열,3-1-1.,등차수열
고2,수학1,3,수열,3-1,등차수열과 등비수열,3-1-2.,등비수열
고2,수학1,3,수열,3-2,수열의 합,3-2-1.,시그마의 뜻과 기본 성질
고2,수학1,3,수열,3-2,수열의 합,3-2-2.,여러 가지 수열의 합
고2,수학1,3,수열,3-3,수학적 귀납법,3-3-1.,수열의 귀납적 정의
고2,수학1,3,수열,3-3,수학적 귀납법,3-3-2.,수학적 귀납법
고2,수학2,1,함수의 극한과 연속,1-1,함수의 극한,1-1-1.,함수의 극한
고2,수학2,1,함수의 극한과 연속,1-1,함수의 극한,1-1-2.,함수의 극한에 대한 성질
고2,수학2,1,함수의 극한과 연속,1-2,함수의 연속,1-2-1.,함수의 연속
고2,수학2,1,함수의 극한과 연속,1-2,함수의 연속,1-2-2.,연속함수의 성질
고2,수학2,2,미분,2-1,미분계수와 도함수,2-1-1.,미분계수
고2,수학2,2,미분,2-1,미분계수와 도함수,2-1-2.,도함수
고2,수학2,2,미분,2-2,도함수의 활용,2-2-1.,접선의 방정식과 평균값 정리
고2,수학2,2,미분,2-2,도함수의 활용,2-2-2.,"함수의 극대, 극소와 그래프"
고2,수학2,2,미분,2-2,도함수의 활용,2-2-3.,도함수의 활용
고2,수학2,3,적분,3-1,부정적분,3-1-1.,부정적분
고2,수학2,3,적분,3-2,정적분,3-2-1.,정적분
고2,수학2,3,적분,3-2,정적분,3-2-2.,다항함수의 정적분
고2,수학2,3,적분,3-3,정적분의 활용,3-3-1.,넓이
고2,수학2,3,적분,3-3,정적분의 활용,3-3-2.,속도와 거리
고3,확률과 통계,1,경우의 수 ,1-1,순열과 조합,1-1-1. ,여러 가지 순열
고3,확률과 통계,1,경우의 수 ,1-1,순열과 조합,1-1-2.,중복조합
고3,확률과 통계,1,경우의 수 ,1-1,순열과 조합,1-2-1.,이항정리
고3,확률과 통계,2,확률,2-1,확률의 뜻과 활용,2-1-1.,확률의 뜻과 기본 성질
고3,확률과 통계,2,확률,2-1,확률의 뜻과 활용,2-1-2.,확률의 덧셈정리
고3,확률과 통계,2,확률,2-2,조건부확률,2-2-1.,조건부확률
고3,확률과 통계,2,확률,2-2,조건부확률,2-2-2.,사건의 독립과 종속
고3,확률과 통계,3,통계,3-1,확률분포,3-1-1.,이산확률변수와 확률분포
고3,확률과 통계,3,통계,3-1,확률분포,3-1-2.,이항분포
고3,확률과 통계,3,통계,3-1,확률분포,3-1-3.,연속확률변수와 확률분포
고3,확률과 통계,3,통계,3-1,확률분포,3-1-4.,정규분포
고3,확률과 통계,3,통계,3-2,통계적 추정,3-2-1.,모집단과 표본
고3,확률과 통계,3,통계,3-2,통계적 추정,3-2-2.,모평균의 추정 
고3,미적분,1,수열의 극한,1-1,수열의 극한 ,1-1-1.,수열의 극한
고3,미적분,1,수열의 극한,1-1,수열의 극한 ,1-1-2.,등비수열의 극한
고3,미적분,1,수열의 극한,1-2,급수,1-2-1.,급수의 수렴과 발산
고3,미적분,2,미분법,2-1,여러 가지 함수의 미분 ,2-1-1.,지수함수와 로그함수의 미분
고3,미적분,2,미분법,2-1,여러 가지 함수의 미분 ,2-1-2.,삼각함수의 덧셈정리
고3,미적분,2,미분법,2-1,여러 가지 함수의 미분 ,2-1-3.,삼각함수의 미분
고3,미적분,2,미분법,2-2,여러 가지 미분법,2-2-1.,몫의 미분법과 합성함수 미분법
고3,미적분,2,미분법,2-2,여러 가지 미분법,2-2-2.,여러 가지 미분법
고3,미적분,2,미분법,2-3,도함수의 활용,2-3-1.,접선의 방정식
고3,미적분,2,미분법,2-3,도함수의 활용,2-3-2.,함수의 극대와 극소
고3,미적분,2,미분법,2-3,도함수의 활용,2-3-3.,도함수의 활용